[
    {
        "name": "232_74_t20201127090054337_CAM2.jpg",
        "position": [
            1200,
            0
        ],
        "category": "2",
        "bbox": [
            259.48577880859375,
            549.7719116210938,
            321.9378662109375,
            566.2146606445312
        ],
        "score": 0.899802565574646
    },
    {
        "name": "232_74_t20201127090054337_CAM2.jpg",
        "position": [
            1200,
            0
        ],
        "category": "2",
        "bbox": [
            281.8598327636719,
            552.6988525390625,
            318.3766174316406,
            565.0401611328125
        ],
        "score": 0.1802794337272644
    },
    {
        "name": "232_74_t20201127090054337_CAM2.jpg",
        "position": [
            1200,
            0
        ],
        "category": "2",
        "bbox": [
            262.8788146972656,
            552.7750244140625,
            294.2735900878906,
            564.5128173828125
        ],
        "score": 0.08487999439239502
    },
    {
        "name": "232_74_t20201127090054337_CAM2.jpg",
        "position": [
            3000,
            600
        ],
        "category": "5",
        "bbox": [
            632.3868408203125,
            354.70404052734375,
            640.0,
            364.4395751953125
        ],
        "score": 0.745299220085144
    },
    {
        "name": "232_74_t20201127090054337_CAM2.jpg",
        "position": [
            3600,
            600
        ],
        "category": "5",
        "bbox": [
            34.3067626953125,
            354.11663818359375,
            47.19684600830078,
            364.5128173828125
        ],
        "score": 0.9304159879684448
    },
    {
        "name": "232_74_t20201127090054337_CAM2.jpg",
        "position": [
            3600,
            600
        ],
        "category": "5",
        "bbox": [
            382.2975769042969,
            52.20370101928711,
            393.3806457519531,
            61.85293197631836
        ],
        "score": 0.24850453436374664
    },
    {
        "name": "232_74_t20201127090054337_CAM2.jpg",
        "position": [
            5400,
            600
        ],
        "category": "5",
        "bbox": [
            373.4949951171875,
            165.7799835205078,
            387.801513671875,
            177.2422637939453
        ],
        "score": 0.4210151731967926
    },
    {
        "name": "232_74_t20201127090054337_CAM2.jpg",
        "position": [
            6000,
            1200
        ],
        "category": "5",
        "bbox": [
            326.06854248046875,
            335.6705017089844,
            338.65740966796875,
            347.1917419433594
        ],
        "score": 0.08501231670379639
    },
    {
        "name": "232_74_t20201127090054337_CAM2.jpg",
        "position": [
            2400,
            1800
        ],
        "category": "5",
        "bbox": [
            558.2329711914062,
            537.5000610351562,
            570.4661254882812,
            547.5779418945312
        ],
        "score": 0.7097970843315125
    },
    {
        "name": "232_74_t20201127090054337_CAM2.jpg",
        "position": [
            1800,
            2400
        ],
        "category": "5",
        "bbox": [
            456.2892761230469,
            417.88299560546875,
            468.0013122558594,
            428.54644775390625
        ],
        "score": 0.9023289084434509
    },
    {
        "name": "232_74_t20201127090054337_CAM2.jpg",
        "position": [
            2400,
            2400
        ],
        "category": "5",
        "bbox": [
            480.2597961425781,
            338.0008544921875,
            536.1377563476562,
            403.97320556640625
        ],
        "score": 0.5415579080581665
    },
    {
        "name": "232_74_t20201127090054337_CAM2.jpg",
        "position": [
            2400,
            2400
        ],
        "category": "5",
        "bbox": [
            483.8114013671875,
            344.78466796875,
            520.6455688476562,
            376.906982421875
        ],
        "score": 0.29006457328796387
    },
    {
        "name": "232_74_t20201127090054337_CAM2.jpg",
        "position": [
            2400,
            2400
        ],
        "category": "5",
        "bbox": [
            498.4756164550781,
            345.9769592285156,
            530.4413452148438,
            410.0736389160156
        ],
        "score": 0.13386330008506775
    },
    {
        "name": "232_74_t20201127090054337_CAM2.jpg",
        "position": [
            4200,
            2400
        ],
        "category": "5",
        "bbox": [
            478.7462158203125,
            427.42156982421875,
            493.61834716796875,
            437.992919921875
        ],
        "score": 0.5894537568092346
    },
    {
        "name": "232_74_t20201127090054337_CAM2.jpg",
        "position": [
            2400,
            3000
        ],
        "category": "5",
        "bbox": [
            64.73957824707031,
            0.1001439094543457,
            78.822021484375,
            9.08491325378418
        ],
        "score": 0.05755180865526199
    },
    {
        "name": "232_74_t20201127090054337_CAM2.jpg",
        "position": [
            2400,
            3000
        ],
        "category": "3",
        "bbox": [
            324.1063232421875,
            54.422767639160156,
            336.88134765625,
            66.23764038085938
        ],
        "score": 0.088474802672863
    },
    {
        "name": "232_74_t20201127090054337_CAM2.jpg",
        "position": [
            2400,
            3600
        ],
        "category": "5",
        "bbox": [
            561.1089477539062,
            167.95468139648438,
            572.6675415039062,
            179.06387329101562
        ],
        "score": 0.9271458387374878
    },
    {
        "name": "232_74_t20201127090054337_CAM2.jpg",
        "position": [
            4800,
            3600
        ],
        "category": "5",
        "bbox": [
            100.67535400390625,
            9.612693786621094,
            172.88232421875,
            153.4151611328125
        ],
        "score": 0.22505594789981842
    },
    {
        "name": "232_74_t20201127090054337_CAM2.jpg",
        "position": [
            4800,
            3600
        ],
        "category": "3",
        "bbox": [
            538.1387329101562,
            293.5666198730469,
            550.8626098632812,
            306.1600036621094
        ],
        "score": 0.6888512372970581
    },
    {
        "name": "232_74_t20201127090054337_CAM2.jpg",
        "position": [
            4800,
            3600
        ],
        "category": "4",
        "bbox": [
            538.28662109375,
            293.5193786621094,
            550.8411865234375,
            306.3422546386719
        ],
        "score": 0.11210178583860397
    },
    {
        "name": "232_74_t20201127090054337_CAM2.jpg",
        "position": [
            4800,
            3600
        ],
        "category": "4",
        "bbox": [
            116.53605651855469,
            19.243545532226562,
            164.76063537597656,
            142.39822387695312
        ],
        "score": 0.16331107914447784
    },
    {
        "name": "232_74_t20201127090054337_CAM2.jpg",
        "position": [
            6000,
            4200
        ],
        "category": "5",
        "bbox": [
            386.8447265625,
            169.74705505371094,
            399.4296875,
            181.88743591308594
        ],
        "score": 0.9544203877449036
    },
    {
        "name": "232_74_t20201127090054337_CAM2.jpg",
        "position": [
            3000,
            4800
        ],
        "category": "5",
        "bbox": [
            177.37960815429688,
            91.95681762695312,
            189.3741455078125,
            105.68601989746094
        ],
        "score": 0.9307475686073303
    },
    {
        "name": "232_74_t20201127090054337_CAM2.jpg",
        "position": [
            3600,
            4800
        ],
        "category": "5",
        "bbox": [
            154.5144500732422,
            132.4581756591797,
            166.5924835205078,
            142.7576446533203
        ],
        "score": 0.48065200448036194
    },
    {
        "name": "232_74_t20201127090054337_CAM2.jpg",
        "position": [
            0,
            5400
        ],
        "category": "5",
        "bbox": [
            14.731454849243164,
            444.6085510253906,
            26.02753257751465,
            457.2645568847656
        ],
        "score": 0.055769190192222595
    },
    {
        "name": "232_74_t20201127090054337_CAM2.jpg",
        "position": [
            7800,
            5400
        ],
        "category": "5",
        "bbox": [
            374.4375,
            540.5018310546875,
            386.23175048828125,
            552.1007080078125
        ],
        "score": 0.6036384701728821
    }
]