[
    {
        "name": "232_75_t20201127090107758_CAM3.jpg",
        "position": [
            1200,
            0
        ],
        "category": "2",
        "bbox": [
            234.937744140625,
            42.82612609863281,
            268.08197021484375,
            63.69231414794922
        ],
        "score": 0.5935343503952026
    },
    {
        "name": "232_75_t20201127090107758_CAM3.jpg",
        "position": [
            1200,
            0
        ],
        "category": "2",
        "bbox": [
            221.15859985351562,
            605.7218017578125,
            260.5835876464844,
            627.866943359375
        ],
        "score": 0.9627459645271301
    },
    {
        "name": "232_75_t20201127090107758_CAM3.jpg",
        "position": [
            1200,
            0
        ],
        "category": "2",
        "bbox": [
            206.5503692626953,
            603.3536376953125,
            275.73028564453125,
            638.1077880859375
        ],
        "score": 0.08883291482925415
    },
    {
        "name": "232_75_t20201127090107758_CAM3.jpg",
        "position": [
            1200,
            600
        ],
        "category": "2",
        "bbox": [
            222.56204223632812,
            6.900725364685059,
            258.2625427246094,
            25.33200454711914
        ],
        "score": 0.6726291179656982
    },
    {
        "name": "232_75_t20201127090107758_CAM3.jpg",
        "position": [
            3000,
            600
        ],
        "category": "5",
        "bbox": [
            142.71522521972656,
            302.83697509765625,
            156.29786682128906,
            314.0413818359375
        ],
        "score": 0.6809698939323425
    },
    {
        "name": "232_75_t20201127090107758_CAM3.jpg",
        "position": [
            3000,
            600
        ],
        "category": "1",
        "bbox": [
            190.63092041015625,
            125.37278747558594,
            382.92999267578125,
            144.5580291748047
        ],
        "score": 0.10178998857736588
    },
    {
        "name": "232_75_t20201127090107758_CAM3.jpg",
        "position": [
            3000,
            600
        ],
        "category": "2",
        "bbox": [
            207.49208068847656,
            124.9278793334961,
            386.98736572265625,
            144.632080078125
        ],
        "score": 0.7603583335876465
    },
    {
        "name": "232_75_t20201127090107758_CAM3.jpg",
        "position": [
            3000,
            600
        ],
        "category": "2",
        "bbox": [
            210.68777465820312,
            111.96810913085938,
            405.0507507324219,
            159.21014404296875
        ],
        "score": 0.05902160704135895
    },
    {
        "name": "232_75_t20201127090107758_CAM3.jpg",
        "position": [
            3000,
            600
        ],
        "category": "2",
        "bbox": [
            216.34698486328125,
            130.51571655273438,
            393.1090087890625,
            155.29519653320312
        ],
        "score": 0.08963384479284286
    },
    {
        "name": "232_75_t20201127090107758_CAM3.jpg",
        "position": [
            3000,
            600
        ],
        "category": "2",
        "bbox": [
            231.35678100585938,
            76.82289123535156,
            387.1930236816406,
            162.8629150390625
        ],
        "score": 0.06161785125732422
    },
    {
        "name": "232_75_t20201127090107758_CAM3.jpg",
        "position": [
            1200,
            1200
        ],
        "category": "5",
        "bbox": [
            349.6228942871094,
            193.08438110351562,
            406.8040466308594,
            215.203857421875
        ],
        "score": 0.1888245940208435
    },
    {
        "name": "232_75_t20201127090107758_CAM3.jpg",
        "position": [
            1200,
            1200
        ],
        "category": "5",
        "bbox": [
            339.00439453125,
            182.46664428710938,
            416.63275146484375,
            219.9932861328125
        ],
        "score": 0.05465838313102722
    },
    {
        "name": "232_75_t20201127090107758_CAM3.jpg",
        "position": [
            1200,
            1200
        ],
        "category": "4",
        "bbox": [
            222.16217041015625,
            367.9247131347656,
            240.12005615234375,
            386.2065734863281
        ],
        "score": 0.4607695937156677
    },
    {
        "name": "232_75_t20201127090107758_CAM3.jpg",
        "position": [
            1200,
            1200
        ],
        "category": "4",
        "bbox": [
            235.7247772216797,
            581.7865600585938,
            266.00750732421875,
            601.3168334960938
        ],
        "score": 0.7497763633728027
    },
    {
        "name": "232_75_t20201127090107758_CAM3.jpg",
        "position": [
            1200,
            1800
        ],
        "category": "2",
        "bbox": [
            88.7733154296875,
            508.795654296875,
            623.7992553710938,
            640.0
        ],
        "score": 0.1699313074350357
    },
    {
        "name": "232_75_t20201127090107758_CAM3.jpg",
        "position": [
            2400,
            1800
        ],
        "category": "2",
        "bbox": [
            41.931793212890625,
            490.38970947265625,
            640.0,
            635.7799682617188
        ],
        "score": 0.06889813393354416
    },
    {
        "name": "232_75_t20201127090107758_CAM3.jpg",
        "position": [
            3000,
            1800
        ],
        "category": "5",
        "bbox": [
            614.2401733398438,
            446.13824462890625,
            625.1234741210938,
            457.73602294921875
        ],
        "score": 0.05738067254424095
    },
    {
        "name": "232_75_t20201127090107758_CAM3.jpg",
        "position": [
            3000,
            1800
        ],
        "category": "5",
        "bbox": [
            615.7533569335938,
            206.78207397460938,
            625.7723999023438,
            217.03591918945312
        ],
        "score": 0.056523412466049194
    },
    {
        "name": "232_75_t20201127090107758_CAM3.jpg",
        "position": [
            3000,
            1800
        ],
        "category": "2",
        "bbox": [
            0.0,
            531.8018798828125,
            459.1572265625,
            633.755859375
        ],
        "score": 0.08795387297868729
    },
    {
        "name": "232_75_t20201127090107758_CAM3.jpg",
        "position": [
            1200,
            2400
        ],
        "category": "3",
        "bbox": [
            216.12710571289062,
            594.611572265625,
            230.44268798828125,
            611.6669921875
        ],
        "score": 0.21860677003860474
    },
    {
        "name": "232_75_t20201127090107758_CAM3.jpg",
        "position": [
            1200,
            2400
        ],
        "category": "4",
        "bbox": [
            216.432373046875,
            594.0234985351562,
            230.604248046875,
            612.5973510742188
        ],
        "score": 0.49278396368026733
    },
    {
        "name": "232_75_t20201127090107758_CAM3.jpg",
        "position": [
            3000,
            2400
        ],
        "category": "5",
        "bbox": [
            423.5752868652344,
            387.2574768066406,
            435.2629089355469,
            400.3506164550781
        ],
        "score": 0.784292995929718
    },
    {
        "name": "232_75_t20201127090107758_CAM3.jpg",
        "position": [
            600,
            3000
        ],
        "category": "5",
        "bbox": [
            349.5253601074219,
            470.02655029296875,
            361.7066955566406,
            482.1239013671875
        ],
        "score": 0.0557580441236496
    },
    {
        "name": "232_75_t20201127090107758_CAM3.jpg",
        "position": [
            600,
            3000
        ],
        "category": "3",
        "bbox": [
            197.74574279785156,
            102.02527618408203,
            210.78456115722656,
            114.04381561279297
        ],
        "score": 0.06577335298061371
    },
    {
        "name": "232_75_t20201127090107758_CAM3.jpg",
        "position": [
            1200,
            3000
        ],
        "category": "3",
        "bbox": [
            228.04119873046875,
            33.44964599609375,
            241.10833740234375,
            48.46405792236328
        ],
        "score": 0.5699278712272644
    },
    {
        "name": "232_75_t20201127090107758_CAM3.jpg",
        "position": [
            1200,
            3000
        ],
        "category": "3",
        "bbox": [
            217.06411743164062,
            0.0,
            230.81332397460938,
            13.179081916809082
        ],
        "score": 0.10206522047519684
    },
    {
        "name": "232_75_t20201127090107758_CAM3.jpg",
        "position": [
            1200,
            3000
        ],
        "category": "4",
        "bbox": [
            228.44810485839844,
            32.918846130371094,
            241.1759490966797,
            48.49681854248047
        ],
        "score": 0.17030252516269684
    },
    {
        "name": "232_75_t20201127090107758_CAM3.jpg",
        "position": [
            1200,
            3000
        ],
        "category": "4",
        "bbox": [
            217.16207885742188,
            0.0,
            231.05194091796875,
            13.596126556396484
        ],
        "score": 0.16423217952251434
    },
    {
        "name": "232_75_t20201127090107758_CAM3.jpg",
        "position": [
            3000,
            3000
        ],
        "category": "5",
        "bbox": [
            439.674072265625,
            202.4286651611328,
            449.47283935546875,
            212.0451202392578
        ],
        "score": 0.1303217113018036
    },
    {
        "name": "232_75_t20201127090107758_CAM3.jpg",
        "position": [
            3000,
            3000
        ],
        "category": "2",
        "bbox": [
            438.0019226074219,
            201.45071411132812,
            451.0113220214844,
            212.225830078125
        ],
        "score": 0.12606358528137207
    }
]