[
    {
        "name": "232_77_t20201127090156579_CAM2.jpg",
        "position": [
            1200,
            600
        ],
        "category": "5",
        "bbox": [
            258.78668212890625,
            591.1246948242188,
            268.65606689453125,
            617.2308959960938
        ],
        "score": 0.13577498495578766
    },
    {
        "name": "232_77_t20201127090156579_CAM2.jpg",
        "position": [
            1200,
            600
        ],
        "category": "1",
        "bbox": [
            260.1877136230469,
            590.7120361328125,
            270.4889221191406,
            619.490234375
        ],
        "score": 0.08514457195997238
    },
    {
        "name": "232_77_t20201127090156579_CAM2.jpg",
        "position": [
            1200,
            600
        ],
        "category": "1",
        "bbox": [
            258.1683044433594,
            581.7801513671875,
            272.5727233886719,
            633.18115234375
        ],
        "score": 0.0548984557390213
    },
    {
        "name": "232_77_t20201127090156579_CAM2.jpg",
        "position": [
            4800,
            600
        ],
        "category": "5",
        "bbox": [
            61.13511276245117,
            66.57974243164062,
            72.69035339355469,
            77.69187927246094
        ],
        "score": 0.7347379922866821
    },
    {
        "name": "232_77_t20201127090156579_CAM2.jpg",
        "position": [
            4800,
            600
        ],
        "category": "5",
        "bbox": [
            537.0321655273438,
            126.41262817382812,
            553.2665405273438,
            145.2025146484375
        ],
        "score": 0.9784677028656006
    },
    {
        "name": "232_77_t20201127090156579_CAM2.jpg",
        "position": [
            5400,
            600
        ],
        "category": "5",
        "bbox": [
            443.8208312988281,
            230.81369018554688,
            457.3794250488281,
            241.25949096679688
        ],
        "score": 0.2638530135154724
    },
    {
        "name": "232_77_t20201127090156579_CAM2.jpg",
        "position": [
            1200,
            1200
        ],
        "category": "5",
        "bbox": [
            258.8695068359375,
            1.22493314743042,
            272.0916748046875,
            15.663749694824219
        ],
        "score": 0.23893480002880096
    },
    {
        "name": "232_77_t20201127090156579_CAM2.jpg",
        "position": [
            1200,
            1200
        ],
        "category": "1",
        "bbox": [
            258.68841552734375,
            0.4881448745727539,
            272.62548828125,
            16.852523803710938
        ],
        "score": 0.1645510047674179
    },
    {
        "name": "232_77_t20201127090156579_CAM2.jpg",
        "position": [
            1200,
            1200
        ],
        "category": "2",
        "bbox": [
            257.6951599121094,
            0.4799489974975586,
            271.3351745605469,
            16.55038070678711
        ],
        "score": 0.09040360897779465
    },
    {
        "name": "232_77_t20201127090156579_CAM2.jpg",
        "position": [
            3000,
            1200
        ],
        "category": "5",
        "bbox": [
            621.077392578125,
            399.29638671875,
            632.16259765625,
            410.51806640625
        ],
        "score": 0.6640110015869141
    },
    {
        "name": "232_77_t20201127090156579_CAM2.jpg",
        "position": [
            3600,
            1200
        ],
        "category": "5",
        "bbox": [
            20.667236328125,
            398.9093933105469,
            32.877986907958984,
            410.5841369628906
        ],
        "score": 0.5664305090904236
    },
    {
        "name": "232_77_t20201127090156579_CAM2.jpg",
        "position": [
            5400,
            1200
        ],
        "category": "5",
        "bbox": [
            555.3558959960938,
            121.40396118164062,
            568.8828735351562,
            133.2000274658203
        ],
        "score": 0.2642093300819397
    },
    {
        "name": "232_77_t20201127090156579_CAM2.jpg",
        "position": [
            1800,
            1800
        ],
        "category": "5",
        "bbox": [
            281.9506530761719,
            163.42543029785156,
            323.2048645019531,
            204.55589294433594
        ],
        "score": 0.9844518899917603
    },
    {
        "name": "232_77_t20201127090156579_CAM2.jpg",
        "position": [
            7800,
            1800
        ],
        "category": "5",
        "bbox": [
            238.0272216796875,
            564.2581787109375,
            250.53143310546875,
            574.7803955078125
        ],
        "score": 0.1581258624792099
    },
    {
        "name": "232_77_t20201127090156579_CAM2.jpg",
        "position": [
            3000,
            2400
        ],
        "category": "5",
        "bbox": [
            149.47439575195312,
            90.94152069091797,
            161.79830932617188,
            102.28272247314453
        ],
        "score": 0.8766825795173645
    },
    {
        "name": "232_77_t20201127090156579_CAM2.jpg",
        "position": [
            1200,
            3000
        ],
        "category": "5",
        "bbox": [
            631.8291625976562,
            469.634765625,
            640.0,
            483.74713134765625
        ],
        "score": 0.7577675580978394
    },
    {
        "name": "232_77_t20201127090156579_CAM2.jpg",
        "position": [
            1200,
            3000
        ],
        "category": "5",
        "bbox": [
            376.1654968261719,
            182.50267028808594,
            389.9621887207031,
            193.02708435058594
        ],
        "score": 0.6894190311431885
    },
    {
        "name": "232_77_t20201127090156579_CAM2.jpg",
        "position": [
            1200,
            3000
        ],
        "category": "5",
        "bbox": [
            283.23101806640625,
            484.3912048339844,
            297.5113525390625,
            495.3763732910156
        ],
        "score": 0.8086684942245483
    },
    {
        "name": "232_77_t20201127090156579_CAM2.jpg",
        "position": [
            1800,
            3000
        ],
        "category": "5",
        "bbox": [
            33.12604522705078,
            468.28033447265625,
            47.326019287109375,
            484.3304443359375
        ],
        "score": 0.9653943777084351
    },
    {
        "name": "232_77_t20201127090156579_CAM2.jpg",
        "position": [
            1200,
            3600
        ],
        "category": "5",
        "bbox": [
            557.057861328125,
            381.9332275390625,
            570.2020263671875,
            393.3917236328125
        ],
        "score": 0.3744824230670929
    },
    {
        "name": "232_77_t20201127090156579_CAM2.jpg",
        "position": [
            4800,
            3600
        ],
        "category": "5",
        "bbox": [
            29.94650650024414,
            4.717781066894531,
            101.49455261230469,
            174.564208984375
        ],
        "score": 0.11078094691038132
    },
    {
        "name": "232_77_t20201127090156579_CAM2.jpg",
        "position": [
            5400,
            3600
        ],
        "category": "5",
        "bbox": [
            345.8480224609375,
            255.13609313964844,
            360.0308837890625,
            265.5351867675781
        ],
        "score": 0.0636901929974556
    },
    {
        "name": "232_77_t20201127090156579_CAM2.jpg",
        "position": [
            3000,
            4200
        ],
        "category": "5",
        "bbox": [
            149.98443603515625,
            214.50315856933594,
            162.786376953125,
            225.63636779785156
        ],
        "score": 0.057135313749313354
    },
    {
        "name": "232_77_t20201127090156579_CAM2.jpg",
        "position": [
            4800,
            4200
        ],
        "category": "5",
        "bbox": [
            355.7167053222656,
            473.920654296875,
            368.6947937011719,
            485.51544189453125
        ],
        "score": 0.05860063061118126
    },
    {
        "name": "232_77_t20201127090156579_CAM2.jpg",
        "position": [
            1800,
            4800
        ],
        "category": "5",
        "bbox": [
            556.9651489257812,
            615.142578125,
            568.2775268554688,
            624.9365234375
        ],
        "score": 0.9262008666992188
    },
    {
        "name": "232_77_t20201127090156579_CAM2.jpg",
        "position": [
            2400,
            4800
        ],
        "category": "5",
        "bbox": [
            119.12966918945312,
            306.8966979980469,
            143.82632446289062,
            343.8584289550781
        ],
        "score": 0.7149106860160828
    },
    {
        "name": "232_77_t20201127090156579_CAM2.jpg",
        "position": [
            3600,
            4800
        ],
        "category": "5",
        "bbox": [
            62.52645492553711,
            498.5874328613281,
            75.6157455444336,
            508.9604797363281
        ],
        "score": 0.22755946218967438
    },
    {
        "name": "232_77_t20201127090156579_CAM2.jpg",
        "position": [
            1800,
            5400
        ],
        "category": "5",
        "bbox": [
            556.551025390625,
            14.92629623413086,
            569.0958251953125,
            25.108169555664062
        ],
        "score": 0.913391649723053
    }
]