[
    {
        "name": "232_76_t20201127090134958_CAM1.jpg",
        "position": [
            600,
            0
        ],
        "category": "2",
        "bbox": [
            497.3460693359375,
            575.6717529296875,
            513.5755004882812,
            597.0487060546875
        ],
        "score": 0.680202841758728
    },
    {
        "name": "232_76_t20201127090134958_CAM1.jpg",
        "position": [
            600,
            0
        ],
        "category": "2",
        "bbox": [
            496.338134765625,
            573.2279663085938,
            515.4607543945312,
            612.1329956054688
        ],
        "score": 0.23361273109912872
    },
    {
        "name": "232_76_t20201127090134958_CAM1.jpg",
        "position": [
            600,
            0
        ],
        "category": "2",
        "bbox": [
            481.2865905761719,
            571.3004150390625,
            515.2235107421875,
            635.7198486328125
        ],
        "score": 0.05442720279097557
    },
    {
        "name": "232_76_t20201127090134958_CAM1.jpg",
        "position": [
            600,
            0
        ],
        "category": "2",
        "bbox": [
            493.10186767578125,
            568.5816650390625,
            525.3074340820312,
            634.025390625
        ],
        "score": 0.06956644356250763
    },
    {
        "name": "232_76_t20201127090134958_CAM1.jpg",
        "position": [
            600,
            0
        ],
        "category": "2",
        "bbox": [
            492.28857421875,
            570.5697021484375,
            508.9998779296875,
            634.9918212890625
        ],
        "score": 0.08355038613080978
    },
    {
        "name": "232_76_t20201127090134958_CAM1.jpg",
        "position": [
            600,
            600
        ],
        "category": "2",
        "bbox": [
            471.3171691894531,
            0.0,
            513.76806640625,
            141.20855712890625
        ],
        "score": 0.6176577210426331
    },
    {
        "name": "232_76_t20201127090134958_CAM1.jpg",
        "position": [
            600,
            600
        ],
        "category": "2",
        "bbox": [
            457.1350402832031,
            2.0221633911132812,
            640.0,
            108.68739318847656
        ],
        "score": 0.169764906167984
    },
    {
        "name": "232_76_t20201127090134958_CAM1.jpg",
        "position": [
            1200,
            600
        ],
        "category": "5",
        "bbox": [
            475.79083251953125,
            75.65538787841797,
            488.69873046875,
            86.06114959716797
        ],
        "score": 0.1273481547832489
    },
    {
        "name": "232_76_t20201127090134958_CAM1.jpg",
        "position": [
            5400,
            600
        ],
        "category": "5",
        "bbox": [
            154.6345977783203,
            518.1184692382812,
            165.68321228027344,
            528.5280151367188
        ],
        "score": 0.6107125282287598
    },
    {
        "name": "232_76_t20201127090134958_CAM1.jpg",
        "position": [
            3000,
            1200
        ],
        "category": "5",
        "bbox": [
            611.8523559570312,
            66.4325942993164,
            622.2442016601562,
            76.60015106201172
        ],
        "score": 0.9023098945617676
    },
    {
        "name": "232_76_t20201127090134958_CAM1.jpg",
        "position": [
            3600,
            1200
        ],
        "category": "5",
        "bbox": [
            11.703374862670898,
            66.36023712158203,
            22.260351181030273,
            76.53389739990234
        ],
        "score": 0.9048607349395752
    },
    {
        "name": "232_76_t20201127090134958_CAM1.jpg",
        "position": [
            4200,
            1200
        ],
        "category": "5",
        "bbox": [
            129.98561096191406,
            396.53240966796875,
            143.83360290527344,
            409.80389404296875
        ],
        "score": 0.9628617167472839
    },
    {
        "name": "232_76_t20201127090134958_CAM1.jpg",
        "position": [
            4200,
            2400
        ],
        "category": "5",
        "bbox": [
            405.6711120605469,
            261.75537109375,
            417.9839172363281,
            272.8455810546875
        ],
        "score": 0.9016352891921997
    },
    {
        "name": "232_76_t20201127090134958_CAM1.jpg",
        "position": [
            6000,
            2400
        ],
        "category": "3",
        "bbox": [
            362.04156494140625,
            465.8274230957031,
            374.61077880859375,
            477.5535583496094
        ],
        "score": 0.815616250038147
    },
    {
        "name": "232_76_t20201127090134958_CAM1.jpg",
        "position": [
            6000,
            2400
        ],
        "category": "4",
        "bbox": [
            362.2321472167969,
            465.66912841796875,
            374.7071838378906,
            477.7081298828125
        ],
        "score": 0.05569765344262123
    },
    {
        "name": "232_76_t20201127090134958_CAM1.jpg",
        "position": [
            6000,
            3000
        ],
        "category": "3",
        "bbox": [
            341.1731872558594,
            470.2415466308594,
            353.7554626464844,
            481.6703796386719
        ],
        "score": 0.716121256351471
    },
    {
        "name": "232_76_t20201127090134958_CAM1.jpg",
        "position": [
            6000,
            3000
        ],
        "category": "4",
        "bbox": [
            341.46539306640625,
            470.12249755859375,
            353.76605224609375,
            481.804443359375
        ],
        "score": 0.06658481806516647
    },
    {
        "name": "232_76_t20201127090134958_CAM1.jpg",
        "position": [
            2400,
            3600
        ],
        "category": "5",
        "bbox": [
            257.0699157714844,
            483.2921142578125,
            269.2660217285156,
            493.6402587890625
        ],
        "score": 0.38136744499206543
    },
    {
        "name": "232_76_t20201127090134958_CAM1.jpg",
        "position": [
            4200,
            3600
        ],
        "category": "3",
        "bbox": [
            110.00860595703125,
            571.5155029296875,
            122.00267028808594,
            582.1240234375
        ],
        "score": 0.6475398540496826
    },
    {
        "name": "232_76_t20201127090134958_CAM1.jpg",
        "position": [
            4200,
            3600
        ],
        "category": "4",
        "bbox": [
            110.16023254394531,
            571.41064453125,
            122.23623657226562,
            582.2288818359375
        ],
        "score": 0.15948468446731567
    },
    {
        "name": "232_76_t20201127090134958_CAM1.jpg",
        "position": [
            7200,
            3600
        ],
        "category": "3",
        "bbox": [
            379.156005859375,
            94.32301330566406,
            393.4298095703125,
            109.74185180664062
        ],
        "score": 0.09632737934589386
    },
    {
        "name": "232_76_t20201127090134958_CAM1.jpg",
        "position": [
            1800,
            4200
        ],
        "category": "5",
        "bbox": [
            597.714111328125,
            509.9806823730469,
            608.7586669921875,
            519.8534545898438
        ],
        "score": 0.692905604839325
    },
    {
        "name": "232_76_t20201127090134958_CAM1.jpg",
        "position": [
            2400,
            4200
        ],
        "category": "5",
        "bbox": [
            0.0,
            510.54107666015625,
            7.71548318862915,
            519.4935913085938
        ],
        "score": 0.6074213981628418
    },
    {
        "name": "232_76_t20201127090134958_CAM1.jpg",
        "position": [
            2400,
            4200
        ],
        "category": "5",
        "bbox": [
            161.00579833984375,
            115.36278533935547,
            172.37442016601562,
            126.14336395263672
        ],
        "score": 0.08397843688726425
    },
    {
        "name": "232_76_t20201127090134958_CAM1.jpg",
        "position": [
            4800,
            4200
        ],
        "category": "3",
        "bbox": [
            454.5145568847656,
            374.8503723144531,
            467.0170593261719,
            387.4702453613281
        ],
        "score": 0.7193037867546082
    },
    {
        "name": "232_76_t20201127090134958_CAM1.jpg",
        "position": [
            4800,
            4200
        ],
        "category": "4",
        "bbox": [
            454.7153015136719,
            374.79937744140625,
            467.0769958496094,
            387.70697021484375
        ],
        "score": 0.13001155853271484
    },
    {
        "name": "232_76_t20201127090134958_CAM1.jpg",
        "position": [
            1800,
            4800
        ],
        "category": "5",
        "bbox": [
            319.7872009277344,
            605.9934692382812,
            331.4637756347656,
            614.9624633789062
        ],
        "score": 0.05331221595406532
    },
    {
        "name": "232_76_t20201127090134958_CAM1.jpg",
        "position": [
            4800,
            4800
        ],
        "category": "5",
        "bbox": [
            204.55575561523438,
            578.0180053710938,
            216.95205688476562,
            588.1681518554688
        ],
        "score": 0.17817281186580658
    },
    {
        "name": "232_76_t20201127090134958_CAM1.jpg",
        "position": [
            6000,
            4800
        ],
        "category": "5",
        "bbox": [
            489.8282470703125,
            465.49658203125,
            499.85955810546875,
            477.29754638671875
        ],
        "score": 0.2675982117652893
    },
    {
        "name": "232_76_t20201127090134958_CAM1.jpg",
        "position": [
            6000,
            4800
        ],
        "category": "2",
        "bbox": [
            449.8510437011719,
            456.58514404296875,
            516.8248901367188,
            640.0
        ],
        "score": 0.10649927705526352
    },
    {
        "name": "232_76_t20201127090134958_CAM1.jpg",
        "position": [
            6000,
            4800
        ],
        "category": "4",
        "bbox": [
            327.58123779296875,
            321.4697265625,
            352.35040283203125,
            349.63482666015625
        ],
        "score": 0.29209887981414795
    },
    {
        "name": "232_76_t20201127090134958_CAM1.jpg",
        "position": [
            6000,
            4800
        ],
        "category": "4",
        "bbox": [
            313.3797302246094,
            313.66534423828125,
            355.7394714355469,
            350.96875
        ],
        "score": 0.7880403399467468
    },
    {
        "name": "232_76_t20201127090134958_CAM1.jpg",
        "position": [
            6000,
            4800
        ],
        "category": "4",
        "bbox": [
            315.552734375,
            315.0948486328125,
            337.7274169921875,
            348.3848876953125
        ],
        "score": 0.5152636170387268
    },
    {
        "name": "232_76_t20201127090134958_CAM1.jpg",
        "position": [
            600,
            5400
        ],
        "category": "2",
        "bbox": [
            621.6725463867188,
            175.65029907226562,
            640.0,
            195.08523559570312
        ],
        "score": 0.8099764585494995
    },
    {
        "name": "232_76_t20201127090134958_CAM1.jpg",
        "position": [
            600,
            5400
        ],
        "category": "2",
        "bbox": [
            621.9862060546875,
            162.15420532226562,
            639.2763671875,
            201.832275390625
        ],
        "score": 0.327763170003891
    },
    {
        "name": "232_76_t20201127090134958_CAM1.jpg",
        "position": [
            1200,
            5400
        ],
        "category": "2",
        "bbox": [
            387.1947021484375,
            584.255615234375,
            640.0,
            638.2779541015625
        ],
        "score": 0.0780145525932312
    },
    {
        "name": "232_76_t20201127090134958_CAM1.jpg",
        "position": [
            1800,
            5400
        ],
        "category": "2",
        "bbox": [
            9.883453369140625,
            585.9966430664062,
            283.3768615722656,
            638.9026489257812
        ],
        "score": 0.05667591094970703
    },
    {
        "name": "232_76_t20201127090134958_CAM1.jpg",
        "position": [
            3000,
            5400
        ],
        "category": "2",
        "bbox": [
            384.2148742675781,
            586.9588623046875,
            640.0,
            637.950927734375
        ],
        "score": 0.07198184728622437
    },
    {
        "name": "232_76_t20201127090134958_CAM1.jpg",
        "position": [
            3600,
            5400
        ],
        "category": "2",
        "bbox": [
            625.3894653320312,
            590.3950805664062,
            639.8721313476562,
            606.1951293945312
        ],
        "score": 0.09818567335605621
    },
    {
        "name": "232_76_t20201127090134958_CAM1.jpg",
        "position": [
            6000,
            5400
        ],
        "category": "2",
        "bbox": [
            482.8460693359375,
            38.32335662841797,
            497.43060302734375,
            53.290435791015625
        ],
        "score": 0.07109565287828445
    },
    {
        "name": "232_76_t20201127090134958_CAM1.jpg",
        "position": [
            6000,
            5400
        ],
        "category": "2",
        "bbox": [
            481.4477844238281,
            4.693380355834961,
            497.1734924316406,
            58.27356719970703
        ],
        "score": 0.09500227868556976
    },
    {
        "name": "232_76_t20201127090134958_CAM1.jpg",
        "position": [
            7200,
            5400
        ],
        "category": "3",
        "bbox": [
            380.2459716796875,
            295.1498718261719,
            393.23870849609375,
            309.4515686035156
        ],
        "score": 0.07059245556592941
    }
]