[
    {
        "name": "232_72_t20201127090024175_CAM1.jpg",
        "position": [
            3000,
            0
        ],
        "category": "5",
        "bbox": [
            220.75962829589844,
            615.589111328125,
            231.75303649902344,
            625.952880859375
        ],
        "score": 0.7646128535270691
    },
    {
        "name": "232_72_t20201127090024175_CAM1.jpg",
        "position": [
            3000,
            0
        ],
        "category": "3",
        "bbox": [
            480.55889892578125,
            277.68536376953125,
            492.2015380859375,
            290.5589599609375
        ],
        "score": 0.09005504101514816
    },
    {
        "name": "232_72_t20201127090024175_CAM1.jpg",
        "position": [
            3600,
            0
        ],
        "category": "5",
        "bbox": [
            498.0839538574219,
            617.81396484375,
            509.0382385253906,
            627.683349609375
        ],
        "score": 0.24208371341228485
    },
    {
        "name": "232_72_t20201127090024175_CAM1.jpg",
        "position": [
            4200,
            0
        ],
        "category": "5",
        "bbox": [
            46.5380859375,
            580.6920776367188,
            58.75047302246094,
            591.7844848632812
        ],
        "score": 0.5446493625640869
    },
    {
        "name": "232_72_t20201127090024175_CAM1.jpg",
        "position": [
            3000,
            600
        ],
        "category": "5",
        "bbox": [
            220.50527954101562,
            15.389261245727539,
            231.87734985351562,
            26.031415939331055
        ],
        "score": 0.576347827911377
    },
    {
        "name": "232_72_t20201127090024175_CAM1.jpg",
        "position": [
            3600,
            600
        ],
        "category": "5",
        "bbox": [
            497.72222900390625,
            17.350208282470703,
            509.2174072265625,
            27.661548614501953
        ],
        "score": 0.16564850509166718
    },
    {
        "name": "232_72_t20201127090024175_CAM1.jpg",
        "position": [
            4200,
            600
        ],
        "category": "5",
        "bbox": [
            592.349365234375,
            410.61016845703125,
            640.0,
            640.0
        ],
        "score": 0.10793621838092804
    },
    {
        "name": "232_72_t20201127090024175_CAM1.jpg",
        "position": [
            4200,
            600
        ],
        "category": "1",
        "bbox": [
            576.111083984375,
            419.44287109375,
            640.0,
            640.0
        ],
        "score": 0.12531933188438416
    },
    {
        "name": "232_72_t20201127090024175_CAM1.jpg",
        "position": [
            4800,
            600
        ],
        "category": "5",
        "bbox": [
            2.773822784423828,
            366.6777038574219,
            68.80409240722656,
            601.1380615234375
        ],
        "score": 0.05600685998797417
    },
    {
        "name": "232_72_t20201127090024175_CAM1.jpg",
        "position": [
            6000,
            600
        ],
        "category": "5",
        "bbox": [
            429.7227478027344,
            306.10076904296875,
            442.5605163574219,
            317.05755615234375
        ],
        "score": 0.14592251181602478
    },
    {
        "name": "232_72_t20201127090024175_CAM1.jpg",
        "position": [
            6000,
            600
        ],
        "category": "2",
        "bbox": [
            615.8860473632812,
            607.1678466796875,
            633.3707885742188,
            639.70166015625
        ],
        "score": 0.056465864181518555
    },
    {
        "name": "232_72_t20201127090024175_CAM1.jpg",
        "position": [
            4200,
            1200
        ],
        "category": "5",
        "bbox": [
            595.9340209960938,
            0.997528076171875,
            640.0,
            194.54946899414062
        ],
        "score": 0.1834469884634018
    },
    {
        "name": "232_72_t20201127090024175_CAM1.jpg",
        "position": [
            4200,
            1200
        ],
        "category": "4",
        "bbox": [
            597.406982421875,
            0.0,
            639.620849609375,
            201.40737915039062
        ],
        "score": 0.056760020554065704
    },
    {
        "name": "232_72_t20201127090024175_CAM1.jpg",
        "position": [
            4800,
            1200
        ],
        "category": "3",
        "bbox": [
            403.9207458496094,
            193.052001953125,
            414.6575012207031,
            204.83865356445312
        ],
        "score": 0.8033427000045776
    },
    {
        "name": "232_72_t20201127090024175_CAM1.jpg",
        "position": [
            6000,
            1800
        ],
        "category": "5",
        "bbox": [
            507.90277099609375,
            626.6130981445312,
            519.1034545898438,
            636.3900756835938
        ],
        "score": 0.4948555529117584
    },
    {
        "name": "232_72_t20201127090024175_CAM1.jpg",
        "position": [
            6000,
            1800
        ],
        "category": "5",
        "bbox": [
            446.7308349609375,
            319.1956481933594,
            458.5504150390625,
            329.9356384277344
        ],
        "score": 0.7912928462028503
    },
    {
        "name": "232_72_t20201127090024175_CAM1.jpg",
        "position": [
            6000,
            1800
        ],
        "category": "5",
        "bbox": [
            484.82293701171875,
            316.2571716308594,
            497.98828125,
            329.5264587402344
        ],
        "score": 0.9398137331008911
    },
    {
        "name": "232_72_t20201127090024175_CAM1.jpg",
        "position": [
            6000,
            2400
        ],
        "category": "5",
        "bbox": [
            421.11541748046875,
            198.10159301757812,
            433.48382568359375,
            209.75936889648438
        ],
        "score": 0.7860329151153564
    },
    {
        "name": "232_72_t20201127090024175_CAM1.jpg",
        "position": [
            6000,
            2400
        ],
        "category": "5",
        "bbox": [
            507.85357666015625,
            25.934673309326172,
            519.7581176757812,
            36.92289352416992
        ],
        "score": 0.5984613299369812
    },
    {
        "name": "232_72_t20201127090024175_CAM1.jpg",
        "position": [
            1200,
            3000
        ],
        "category": "3",
        "bbox": [
            311.98828125,
            319.21929931640625,
            325.83074951171875,
            332.0584716796875
        ],
        "score": 0.0867709368467331
    },
    {
        "name": "232_72_t20201127090024175_CAM1.jpg",
        "position": [
            1200,
            3600
        ],
        "category": "5",
        "bbox": [
            396.7940368652344,
            311.3439636230469,
            408.6326599121094,
            321.9750671386719
        ],
        "score": 0.6234644055366516
    },
    {
        "name": "232_72_t20201127090024175_CAM1.jpg",
        "position": [
            2400,
            3600
        ],
        "category": "4",
        "bbox": [
            234.34927368164062,
            269.6856689453125,
            278.0591735839844,
            323.96856689453125
        ],
        "score": 0.29286903142929077
    },
    {
        "name": "232_72_t20201127090024175_CAM1.jpg",
        "position": [
            4800,
            3600
        ],
        "category": "5",
        "bbox": [
            32.94693374633789,
            0.0,
            103.19786071777344,
            164.21734619140625
        ],
        "score": 0.23976898193359375
    },
    {
        "name": "232_72_t20201127090024175_CAM1.jpg",
        "position": [
            4800,
            3600
        ],
        "category": "5",
        "bbox": [
            39.103965759277344,
            2.798297882080078,
            82.3746109008789,
            122.423828125
        ],
        "score": 0.060191866010427475
    },
    {
        "name": "232_72_t20201127090024175_CAM1.jpg",
        "position": [
            4800,
            3600
        ],
        "category": "4",
        "bbox": [
            39.0695686340332,
            3.922576904296875,
            87.20751953125,
            135.760498046875
        ],
        "score": 0.07035111635923386
    },
    {
        "name": "232_72_t20201127090024175_CAM1.jpg",
        "position": [
            4800,
            3600
        ],
        "category": "6",
        "bbox": [
            31.19135284423828,
            0.0,
            104.91085052490234,
            165.51800537109375
        ],
        "score": 0.06609298288822174
    },
    {
        "name": "232_72_t20201127090024175_CAM1.jpg",
        "position": [
            1800,
            4200
        ],
        "category": "5",
        "bbox": [
            244.77163696289062,
            298.240478515625,
            256.95843505859375,
            308.91729736328125
        ],
        "score": 0.11733264476060867
    },
    {
        "name": "232_72_t20201127090024175_CAM1.jpg",
        "position": [
            1800,
            4800
        ],
        "category": "5",
        "bbox": [
            494.810546875,
            421.90435791015625,
            505.536376953125,
            432.503173828125
        ],
        "score": 0.6900529265403748
    },
    {
        "name": "232_72_t20201127090024175_CAM1.jpg",
        "position": [
            4800,
            4800
        ],
        "category": "5",
        "bbox": [
            440.45184326171875,
            102.84703826904297,
            463.82806396484375,
            125.5237045288086
        ],
        "score": 0.9820698499679565
    },
    {
        "name": "232_72_t20201127090024175_CAM1.jpg",
        "position": [
            4800,
            4800
        ],
        "category": "5",
        "bbox": [
            268.4891662597656,
            173.66357421875,
            290.0788269042969,
            202.51705932617188
        ],
        "score": 0.2252524346113205
    },
    {
        "name": "232_72_t20201127090024175_CAM1.jpg",
        "position": [
            4800,
            4800
        ],
        "category": "5",
        "bbox": [
            255.6353302001953,
            175.33758544921875,
            292.45892333984375,
            209.31903076171875
        ],
        "score": 0.10361302644014359
    },
    {
        "name": "232_72_t20201127090024175_CAM1.jpg",
        "position": [
            4800,
            4800
        ],
        "category": "5",
        "bbox": [
            247.16017150878906,
            171.53282165527344,
            294.97265625,
            235.20240783691406
        ],
        "score": 0.4065687358379364
    },
    {
        "name": "232_72_t20201127090024175_CAM1.jpg",
        "position": [
            4800,
            4800
        ],
        "category": "5",
        "bbox": [
            246.8374786376953,
            180.072265625,
            275.09185791015625,
            240.9471435546875
        ],
        "score": 0.28231877088546753
    },
    {
        "name": "232_72_t20201127090024175_CAM1.jpg",
        "position": [
            6600,
            4800
        ],
        "category": "2",
        "bbox": [
            0.0,
            628.278564453125,
            61.23628234863281,
            639.9349365234375
        ],
        "score": 0.09744025766849518
    },
    {
        "name": "232_72_t20201127090024175_CAM1.jpg",
        "position": [
            600,
            5400
        ],
        "category": "2",
        "bbox": [
            394.84210205078125,
            588.5314331054688,
            640.0,
            638.4808959960938
        ],
        "score": 0.05045146122574806
    },
    {
        "name": "232_72_t20201127090024175_CAM1.jpg",
        "position": [
            1200,
            5400
        ],
        "category": "2",
        "bbox": [
            346.83123779296875,
            588.4202270507812,
            636.2155151367188,
            638.4904174804688
        ],
        "score": 0.07697923481464386
    },
    {
        "name": "232_72_t20201127090024175_CAM1.jpg",
        "position": [
            5400,
            5400
        ],
        "category": "2",
        "bbox": [
            204.88363647460938,
            588.8203125,
            480.3086242675781,
            638.33544921875
        ],
        "score": 0.05608813092112541
    },
    {
        "name": "232_72_t20201127090024175_CAM1.jpg",
        "position": [
            6000,
            5400
        ],
        "category": "2",
        "bbox": [
            353.562744140625,
            587.6949462890625,
            622.591552734375,
            638.3568115234375
        ],
        "score": 0.07503703236579895
    },
    {
        "name": "232_72_t20201127090024175_CAM1.jpg",
        "position": [
            6600,
            5400
        ],
        "category": "2",
        "bbox": [
            45.6414794921875,
            0.1693706512451172,
            59.50193786621094,
            46.788299560546875
        ],
        "score": 0.08561781793832779
    }
]