[
    {
        "name": "232_78_t20201127090211824_CAM2.jpg",
        "position": [
            4800,
            0
        ],
        "category": "1",
        "bbox": [
            0.0,
            512.8131103515625,
            28.190399169921875,
            640.0
        ],
        "score": 0.0906471237540245
    },
    {
        "name": "232_78_t20201127090211824_CAM2.jpg",
        "position": [
            4800,
            0
        ],
        "category": "1",
        "bbox": [
            0.0,
            513.1361083984375,
            57.50246810913086,
            640.0
        ],
        "score": 0.05458134785294533
    },
    {
        "name": "232_78_t20201127090211824_CAM2.jpg",
        "position": [
            1200,
            600
        ],
        "category": "5",
        "bbox": [
            566.2680053710938,
            299.5050048828125,
            578.5618286132812,
            310.2674560546875
        ],
        "score": 0.8057683706283569
    },
    {
        "name": "232_78_t20201127090211824_CAM2.jpg",
        "position": [
            1200,
            600
        ],
        "category": "2",
        "bbox": [
            113.95597076416016,
            58.17771911621094,
            153.77127075195312,
            75.99397277832031
        ],
        "score": 0.9524474740028381
    },
    {
        "name": "232_78_t20201127090211824_CAM2.jpg",
        "position": [
            1200,
            600
        ],
        "category": "2",
        "bbox": [
            108.19979858398438,
            53.24070358276367,
            157.51254272460938,
            82.62895202636719
        ],
        "score": 0.2201547920703888
    },
    {
        "name": "232_78_t20201127090211824_CAM2.jpg",
        "position": [
            4200,
            600
        ],
        "category": "5",
        "bbox": [
            576.702880859375,
            392.9884033203125,
            640.0,
            610.61669921875
        ],
        "score": 0.08859562128782272
    },
    {
        "name": "232_78_t20201127090211824_CAM2.jpg",
        "position": [
            6000,
            600
        ],
        "category": "5",
        "bbox": [
            72.86997985839844,
            126.00112915039062,
            87.22114562988281,
            137.59429931640625
        ],
        "score": 0.08264241367578506
    },
    {
        "name": "232_78_t20201127090211824_CAM2.jpg",
        "position": [
            1200,
            1200
        ],
        "category": "5",
        "bbox": [
            488.3397521972656,
            158.32579040527344,
            501.4908752441406,
            168.44642639160156
        ],
        "score": 0.23072630167007446
    },
    {
        "name": "232_78_t20201127090211824_CAM2.jpg",
        "position": [
            4200,
            1200
        ],
        "category": "5",
        "bbox": [
            624.0772705078125,
            535.048828125,
            639.623046875,
            635.7510986328125
        ],
        "score": 0.05244554951786995
    },
    {
        "name": "232_78_t20201127090211824_CAM2.jpg",
        "position": [
            4200,
            1200
        ],
        "category": "4",
        "bbox": [
            601.8704833984375,
            0.0,
            635.9320068359375,
            132.62496948242188
        ],
        "score": 0.06953677535057068
    },
    {
        "name": "232_78_t20201127090211824_CAM2.jpg",
        "position": [
            4800,
            1200
        ],
        "category": "5",
        "bbox": [
            5.24818229675293,
            513.037841796875,
            65.86609649658203,
            640.0
        ],
        "score": 0.0894617885351181
    },
    {
        "name": "232_78_t20201127090211824_CAM2.jpg",
        "position": [
            4800,
            1200
        ],
        "category": "4",
        "bbox": [
            1.5968961715698242,
            0.0,
            32.93091583251953,
            125.97569274902344
        ],
        "score": 0.11263898760080338
    },
    {
        "name": "232_78_t20201127090211824_CAM2.jpg",
        "position": [
            5400,
            1200
        ],
        "category": "5",
        "bbox": [
            435.4326477050781,
            54.978271484375,
            448.9775695800781,
            67.8017349243164
        ],
        "score": 0.07771394401788712
    },
    {
        "name": "232_78_t20201127090211824_CAM2.jpg",
        "position": [
            4200,
            2400
        ],
        "category": "5",
        "bbox": [
            519.478271484375,
            427.05853271484375,
            532.6065673828125,
            438.04547119140625
        ],
        "score": 0.15989834070205688
    },
    {
        "name": "232_78_t20201127090211824_CAM2.jpg",
        "position": [
            3600,
            3000
        ],
        "category": "5",
        "bbox": [
            365.2523193359375,
            85.95626831054688,
            379.07415771484375,
            96.99143981933594
        ],
        "score": 0.2732510268688202
    },
    {
        "name": "232_78_t20201127090211824_CAM2.jpg",
        "position": [
            4800,
            3600
        ],
        "category": "5",
        "bbox": [
            48.996543884277344,
            6.825447082519531,
            119.8023452758789,
            160.12747192382812
        ],
        "score": 0.2502162456512451
    },
    {
        "name": "232_78_t20201127090211824_CAM2.jpg",
        "position": [
            4800,
            3600
        ],
        "category": "6",
        "bbox": [
            49.02390670776367,
            4.669715881347656,
            122.59194946289062,
            159.95611572265625
        ],
        "score": 0.06538604944944382
    },
    {
        "name": "232_78_t20201127090211824_CAM2.jpg",
        "position": [
            3600,
            4200
        ],
        "category": "5",
        "bbox": [
            471.6250915527344,
            274.0931701660156,
            485.0379943847656,
            284.3633728027344
        ],
        "score": 0.5210993885993958
    },
    {
        "name": "232_78_t20201127090211824_CAM2.jpg",
        "position": [
            3600,
            4200
        ],
        "category": "5",
        "bbox": [
            595.6498413085938,
            120.8281021118164,
            608.0764770507812,
            131.8849639892578
        ],
        "score": 0.07542864978313446
    },
    {
        "name": "232_78_t20201127090211824_CAM2.jpg",
        "position": [
            4200,
            4200
        ],
        "category": "5",
        "bbox": [
            0.0,
            119.31073760986328,
            6.700150489807129,
            131.37588500976562
        ],
        "score": 0.27525657415390015
    },
    {
        "name": "232_78_t20201127090211824_CAM2.jpg",
        "position": [
            3600,
            4800
        ],
        "category": "5",
        "bbox": [
            227.20086669921875,
            376.0828857421875,
            241.57333374023438,
            387.9725341796875
        ],
        "score": 0.05855561047792435
    },
    {
        "name": "232_78_t20201127090211824_CAM2.jpg",
        "position": [
            4200,
            4800
        ],
        "category": "5",
        "bbox": [
            57.73835754394531,
            551.6383666992188,
            70.45423889160156,
            562.0991821289062
        ],
        "score": 0.1917220503091812
    },
    {
        "name": "232_78_t20201127090211824_CAM2.jpg",
        "position": [
            6000,
            4800
        ],
        "category": "5",
        "bbox": [
            239.7620849609375,
            200.85122680664062,
            251.92630004882812,
            212.57241821289062
        ],
        "score": 0.8033779263496399
    },
    {
        "name": "232_78_t20201127090211824_CAM2.jpg",
        "position": [
            6600,
            4800
        ],
        "category": "2",
        "bbox": [
            0.0,
            630.2540893554688,
            21.783472061157227,
            639.6524047851562
        ],
        "score": 0.06130530312657356
    },
    {
        "name": "232_78_t20201127090211824_CAM2.jpg",
        "position": [
            6600,
            4800
        ],
        "category": "2",
        "bbox": [
            0.0,
            627.1187744140625,
            44.35709762573242,
            638.4298095703125
        ],
        "score": 0.19528433680534363
    },
    {
        "name": "232_78_t20201127090211824_CAM2.jpg",
        "position": [
            5400,
            5400
        ],
        "category": "2",
        "bbox": [
            378.58270263671875,
            588.9130859375,
            640.0,
            638.0587158203125
        ],
        "score": 0.0633816048502922
    }
]