[
    {
        "name": "232_70_t20201127085954682_CAM3.jpg",
        "position": [
            1200,
            0
        ],
        "category": "2",
        "bbox": [
            214.70616149902344,
            623.66943359375,
            233.57777404785156,
            638.3568115234375
        ],
        "score": 0.20421655476093292
    },
    {
        "name": "232_70_t20201127085954682_CAM3.jpg",
        "position": [
            1200,
            0
        ],
        "category": "2",
        "bbox": [
            231.70895385742188,
            104.43455505371094,
            262.08831787109375,
            122.35293579101562
        ],
        "score": 0.31039154529571533
    },
    {
        "name": "232_70_t20201127085954682_CAM3.jpg",
        "position": [
            2400,
            600
        ],
        "category": "5",
        "bbox": [
            64.86516571044922,
            464.85931396484375,
            116.81066131591797,
            485.4581298828125
        ],
        "score": 0.3180314600467682
    },
    {
        "name": "232_70_t20201127085954682_CAM3.jpg",
        "position": [
            3000,
            600
        ],
        "category": "5",
        "bbox": [
            542.3285522460938,
            606.6035766601562,
            553.9806518554688,
            617.3735961914062
        ],
        "score": 0.05021056905388832
    },
    {
        "name": "232_70_t20201127085954682_CAM3.jpg",
        "position": [
            1200,
            1200
        ],
        "category": "5",
        "bbox": [
            310.00738525390625,
            364.46466064453125,
            348.64532470703125,
            383.66033935546875
        ],
        "score": 0.36745065450668335
    },
    {
        "name": "232_70_t20201127085954682_CAM3.jpg",
        "position": [
            1200,
            1200
        ],
        "category": "4",
        "bbox": [
            190.79766845703125,
            245.4080047607422,
            224.36428833007812,
            269.4405517578125
        ],
        "score": 0.09836012870073318
    },
    {
        "name": "232_70_t20201127085954682_CAM3.jpg",
        "position": [
            2400,
            1200
        ],
        "category": "5",
        "bbox": [
            631.23876953125,
            257.439453125,
            639.2705078125,
            270.8211669921875
        ],
        "score": 0.054777901619672775
    },
    {
        "name": "232_70_t20201127085954682_CAM3.jpg",
        "position": [
            3000,
            1200
        ],
        "category": "5",
        "bbox": [
            221.85671997070312,
            623.9738159179688,
            242.21224975585938,
            638.9932250976562
        ],
        "score": 0.4480912983417511
    },
    {
        "name": "232_70_t20201127085954682_CAM3.jpg",
        "position": [
            3000,
            1200
        ],
        "category": "5",
        "bbox": [
            316.14483642578125,
            626.1403198242188,
            333.56451416015625,
            640.0
        ],
        "score": 0.5328399538993835
    },
    {
        "name": "232_70_t20201127085954682_CAM3.jpg",
        "position": [
            3000,
            1200
        ],
        "category": "5",
        "bbox": [
            159.16006469726562,
            268.3155517578125,
            170.59130859375,
            279.0592041015625
        ],
        "score": 0.7074161767959595
    },
    {
        "name": "232_70_t20201127085954682_CAM3.jpg",
        "position": [
            3000,
            1200
        ],
        "category": "5",
        "bbox": [
            607.6337280273438,
            262.7389831542969,
            616.9683227539062,
            272.7280578613281
        ],
        "score": 0.07335521280765533
    },
    {
        "name": "232_70_t20201127085954682_CAM3.jpg",
        "position": [
            3000,
            1200
        ],
        "category": "4",
        "bbox": [
            221.81288146972656,
            623.6861572265625,
            241.9702606201172,
            639.7774658203125
        ],
        "score": 0.3725900948047638
    },
    {
        "name": "232_70_t20201127085954682_CAM3.jpg",
        "position": [
            3000,
            1200
        ],
        "category": "4",
        "bbox": [
            315.8901672363281,
            625.9857788085938,
            333.3332824707031,
            640.0
        ],
        "score": 0.1910257339477539
    },
    {
        "name": "232_70_t20201127085954682_CAM3.jpg",
        "position": [
            3000,
            1200
        ],
        "category": "6",
        "bbox": [
            315.3934020996094,
            625.7487182617188,
            333.3218688964844,
            640.0
        ],
        "score": 0.09012193977832794
    },
    {
        "name": "232_70_t20201127085954682_CAM3.jpg",
        "position": [
            3000,
            1800
        ],
        "category": "5",
        "bbox": [
            220.03294372558594,
            23.189727783203125,
            243.72547912597656,
            45.81397247314453
        ],
        "score": 0.9114254117012024
    },
    {
        "name": "232_70_t20201127085954682_CAM3.jpg",
        "position": [
            3000,
            1800
        ],
        "category": "5",
        "bbox": [
            311.84613037109375,
            26.968364715576172,
            333.99066162109375,
            50.97444534301758
        ],
        "score": 0.9221293330192566
    },
    {
        "name": "232_70_t20201127085954682_CAM3.jpg",
        "position": [
            3000,
            1800
        ],
        "category": "5",
        "bbox": [
            310.3240661621094,
            417.8167419433594,
            323.3634338378906,
            430.3027038574219
        ],
        "score": 0.19797423481941223
    },
    {
        "name": "232_70_t20201127085954682_CAM3.jpg",
        "position": [
            3000,
            1800
        ],
        "category": "5",
        "bbox": [
            327.9355163574219,
            40.64319610595703,
            346.4984436035156,
            61.68523406982422
        ],
        "score": 0.13799454271793365
    },
    {
        "name": "232_70_t20201127085954682_CAM3.jpg",
        "position": [
            3000,
            1800
        ],
        "category": "5",
        "bbox": [
            310.97491455078125,
            24.438554763793945,
            347.8109130859375,
            60.359649658203125
        ],
        "score": 0.7034735083580017
    },
    {
        "name": "232_70_t20201127085954682_CAM3.jpg",
        "position": [
            3000,
            1800
        ],
        "category": "4",
        "bbox": [
            327.7569274902344,
            39.39289855957031,
            345.8318786621094,
            62.71009826660156
        ],
        "score": 0.24178731441497803
    },
    {
        "name": "232_70_t20201127085954682_CAM3.jpg",
        "position": [
            3000,
            1800
        ],
        "category": "4",
        "bbox": [
            218.04736328125,
            23.924091339111328,
            245.213623046875,
            47.35712814331055
        ],
        "score": 0.07562428712844849
    },
    {
        "name": "232_70_t20201127085954682_CAM3.jpg",
        "position": [
            3000,
            1800
        ],
        "category": "4",
        "bbox": [
            313.23199462890625,
            27.093900680541992,
            347.2401123046875,
            64.0174560546875
        ],
        "score": 0.09151937812566757
    },
    {
        "name": "232_70_t20201127085954682_CAM3.jpg",
        "position": [
            1200,
            2400
        ],
        "category": "4",
        "bbox": [
            220.6450958251953,
            2.7073564529418945,
            240.68251037597656,
            17.598651885986328
        ],
        "score": 0.10432577133178711
    },
    {
        "name": "232_70_t20201127085954682_CAM3.jpg",
        "position": [
            1200,
            2400
        ],
        "category": "4",
        "bbox": [
            248.0135498046875,
            518.6511840820312,
            273.25225830078125,
            552.2492065429688
        ],
        "score": 0.7944163084030151
    },
    {
        "name": "232_70_t20201127085954682_CAM3.jpg",
        "position": [
            1200,
            2400
        ],
        "category": "4",
        "bbox": [
            227.7901611328125,
            125.39315032958984,
            280.14739990234375,
            146.20216369628906
        ],
        "score": 0.06440047174692154
    },
    {
        "name": "232_70_t20201127085954682_CAM3.jpg",
        "position": [
            3000,
            2400
        ],
        "category": "5",
        "bbox": [
            353.16217041015625,
            589.8440551757812,
            367.7431640625,
            600.7745971679688
        ],
        "score": 0.5614187717437744
    },
    {
        "name": "232_70_t20201127085954682_CAM3.jpg",
        "position": [
            3000,
            2400
        ],
        "category": "5",
        "bbox": [
            614.46240234375,
            604.9884033203125,
            626.682861328125,
            618.5726318359375
        ],
        "score": 0.11450798064470291
    },
    {
        "name": "232_70_t20201127085954682_CAM3.jpg",
        "position": [
            3000,
            2400
        ],
        "category": "5",
        "bbox": [
            143.00625610351562,
            515.3809204101562,
            162.5780029296875,
            541.3035278320312
        ],
        "score": 0.06283239275217056
    },
    {
        "name": "232_70_t20201127085954682_CAM3.jpg",
        "position": [
            3000,
            2400
        ],
        "category": "5",
        "bbox": [
            122.49067687988281,
            594.8845825195312,
            394.90960693359375,
            636.5158081054688
        ],
        "score": 0.06312807649374008
    },
    {
        "name": "232_70_t20201127085954682_CAM3.jpg",
        "position": [
            3000,
            2400
        ],
        "category": "5",
        "bbox": [
            597.4827880859375,
            324.9128112792969,
            609.9530029296875,
            337.9512023925781
        ],
        "score": 0.06954378634691238
    },
    {
        "name": "232_70_t20201127085954682_CAM3.jpg",
        "position": [
            3000,
            2400
        ],
        "category": "5",
        "bbox": [
            615.427001953125,
            165.84658813476562,
            624.6580810546875,
            177.30307006835938
        ],
        "score": 0.12468748539686203
    },
    {
        "name": "232_70_t20201127085954682_CAM3.jpg",
        "position": [
            3000,
            2400
        ],
        "category": "5",
        "bbox": [
            143.27874755859375,
            512.0542602539062,
            167.68692016601562,
            571.0050659179688
        ],
        "score": 0.47342798113822937
    },
    {
        "name": "232_70_t20201127085954682_CAM3.jpg",
        "position": [
            3000,
            2400
        ],
        "category": "5",
        "bbox": [
            136.4846649169922,
            519.32373046875,
            186.67454528808594,
            580.473388671875
        ],
        "score": 0.205769345164299
    },
    {
        "name": "232_70_t20201127085954682_CAM3.jpg",
        "position": [
            3000,
            2400
        ],
        "category": "3",
        "bbox": [
            242.36825561523438,
            514.3032836914062,
            256.3609313964844,
            529.4011840820312
        ],
        "score": 0.31319618225097656
    },
    {
        "name": "232_70_t20201127085954682_CAM3.jpg",
        "position": [
            600,
            3000
        ],
        "category": "5",
        "bbox": [
            453.22210693359375,
            389.6119079589844,
            465.44097900390625,
            402.4024353027344
        ],
        "score": 0.24847275018692017
    },
    {
        "name": "232_70_t20201127085954682_CAM3.jpg",
        "position": [
            1200,
            3000
        ],
        "category": "2",
        "bbox": [
            207.68463134765625,
            408.3431396484375,
            231.28536987304688,
            429.7684326171875
        ],
        "score": 0.11466749012470245
    },
    {
        "name": "232_70_t20201127085954682_CAM3.jpg",
        "position": [
            3000,
            3000
        ],
        "category": "5",
        "bbox": [
            250.14642333984375,
            3.924663543701172,
            364.5274658203125,
            65.064453125
        ],
        "score": 0.578412652015686
    },
    {
        "name": "232_70_t20201127085954682_CAM3.jpg",
        "position": [
            3000,
            3000
        ],
        "category": "4",
        "bbox": [
            251.84268188476562,
            3.4857234954833984,
            363.0155944824219,
            64.02157592773438
        ],
        "score": 0.10405533015727997
    }
]