[
    {
        "name": "232_7_t20201127083655896_CAM3.jpg",
        "position": [
            3600,
            600
        ],
        "category": "5",
        "bbox": [
            445.0872802734375,
            374.3792419433594,
            457.3992919921875,
            386.7666320800781
        ],
        "score": 0.05729354918003082
    },
    {
        "name": "232_7_t20201127083655896_CAM3.jpg",
        "position": [
            3600,
            600
        ],
        "category": "5",
        "bbox": [
            453.3053283691406,
            261.2271423339844,
            464.8516540527344,
            272.9132385253906
        ],
        "score": 0.05870414897799492
    },
    {
        "name": "232_7_t20201127083655896_CAM3.jpg",
        "position": [
            1200,
            1200
        ],
        "category": "3",
        "bbox": [
            254.15330505371094,
            475.2785339355469,
            270.4006042480469,
            494.5022277832031
        ],
        "score": 0.17249667644500732
    },
    {
        "name": "232_7_t20201127083655896_CAM3.jpg",
        "position": [
            1200,
            1200
        ],
        "category": "4",
        "bbox": [
            254.36370849609375,
            474.6578063964844,
            270.61663818359375,
            494.6935729980469
        ],
        "score": 0.4290429651737213
    },
    {
        "name": "232_7_t20201127083655896_CAM3.jpg",
        "position": [
            1200,
            1200
        ],
        "category": "4",
        "bbox": [
            242.97216796875,
            91.84617614746094,
            261.6426086425781,
            115.15174865722656
        ],
        "score": 0.1969626098871231
    },
    {
        "name": "232_7_t20201127083655896_CAM3.jpg",
        "position": [
            2400,
            1200
        ],
        "category": "5",
        "bbox": [
            397.421875,
            365.4351501464844,
            432.47515869140625,
            407.1702575683594
        ],
        "score": 0.10191874951124191
    },
    {
        "name": "232_7_t20201127083655896_CAM3.jpg",
        "position": [
            3000,
            1200
        ],
        "category": "5",
        "bbox": [
            287.3645935058594,
            606.1187744140625,
            299.9409484863281,
            616.520751953125
        ],
        "score": 0.11093638092279434
    },
    {
        "name": "232_7_t20201127083655896_CAM3.jpg",
        "position": [
            3000,
            1200
        ],
        "category": "3",
        "bbox": [
            311.25982666015625,
            423.63531494140625,
            325.24139404296875,
            438.15869140625
        ],
        "score": 0.6137258410453796
    },
    {
        "name": "232_7_t20201127083655896_CAM3.jpg",
        "position": [
            1200,
            1800
        ],
        "category": "3",
        "bbox": [
            240.2844696044922,
            480.9532775878906,
            255.4099884033203,
            499.4127502441406
        ],
        "score": 0.2312709093093872
    },
    {
        "name": "232_7_t20201127083655896_CAM3.jpg",
        "position": [
            1200,
            1800
        ],
        "category": "3",
        "bbox": [
            258.1922607421875,
            452.04425048828125,
            272.3890380859375,
            465.4971923828125
        ],
        "score": 0.05659452825784683
    },
    {
        "name": "232_7_t20201127083655896_CAM3.jpg",
        "position": [
            1200,
            1800
        ],
        "category": "4",
        "bbox": [
            240.64535522460938,
            480.46142578125,
            255.63092041015625,
            499.61883544921875
        ],
        "score": 0.3384927809238434
    },
    {
        "name": "232_7_t20201127083655896_CAM3.jpg",
        "position": [
            1200,
            1800
        ],
        "category": "4",
        "bbox": [
            263.1556091308594,
            413.6264953613281,
            279.4645690917969,
            432.4620666503906
        ],
        "score": 0.13248883187770844
    },
    {
        "name": "232_7_t20201127083655896_CAM3.jpg",
        "position": [
            1200,
            1800
        ],
        "category": "4",
        "bbox": [
            234.59268188476562,
            120.64035034179688,
            264.413818359375,
            148.4854736328125
        ],
        "score": 0.6451239585876465
    },
    {
        "name": "232_7_t20201127083655896_CAM3.jpg",
        "position": [
            1800,
            1800
        ],
        "category": "5",
        "bbox": [
            571.9218139648438,
            150.6248321533203,
            591.0308227539062,
            173.29881286621094
        ],
        "score": 0.49467095732688904
    },
    {
        "name": "232_7_t20201127083655896_CAM3.jpg",
        "position": [
            1800,
            1800
        ],
        "category": "5",
        "bbox": [
            561.1677856445312,
            143.08901977539062,
            601.1438598632812,
            180.86221313476562
        ],
        "score": 0.0605044849216938
    },
    {
        "name": "232_7_t20201127083655896_CAM3.jpg",
        "position": [
            1800,
            1800
        ],
        "category": "3",
        "bbox": [
            357.30340576171875,
            184.88290405273438,
            387.3580322265625,
            205.31442260742188
        ],
        "score": 0.05880219489336014
    },
    {
        "name": "232_7_t20201127083655896_CAM3.jpg",
        "position": [
            1800,
            1800
        ],
        "category": "4",
        "bbox": [
            359.46685791015625,
            185.03262329101562,
            386.2900390625,
            206.36322021484375
        ],
        "score": 0.8713400959968567
    },
    {
        "name": "232_7_t20201127083655896_CAM3.jpg",
        "position": [
            2400,
            1800
        ],
        "category": "5",
        "bbox": [
            516.5939331054688,
            43.03602981567383,
            528.7658081054688,
            54.09689712524414
        ],
        "score": 0.9259305000305176
    },
    {
        "name": "232_7_t20201127083655896_CAM3.jpg",
        "position": [
            3000,
            1800
        ],
        "category": "5",
        "bbox": [
            287.2055969238281,
            6.237371921539307,
            299.9340515136719,
            17.019987106323242
        ],
        "score": 0.1647704839706421
    },
    {
        "name": "232_7_t20201127083655896_CAM3.jpg",
        "position": [
            1200,
            2400
        ],
        "category": "3",
        "bbox": [
            237.2297821044922,
            320.7019348144531,
            250.9604949951172,
            336.0191955566406
        ],
        "score": 0.5041189789772034
    },
    {
        "name": "232_7_t20201127083655896_CAM3.jpg",
        "position": [
            1200,
            2400
        ],
        "category": "4",
        "bbox": [
            237.7385711669922,
            320.2121276855469,
            251.2126922607422,
            335.8622741699219
        ],
        "score": 0.05844106525182724
    },
    {
        "name": "232_7_t20201127083655896_CAM3.jpg",
        "position": [
            1200,
            2400
        ],
        "category": "4",
        "bbox": [
            246.0649871826172,
            273.5287170410156,
            265.12103271484375,
            291.5145568847656
        ],
        "score": 0.3516731560230255
    },
    {
        "name": "232_7_t20201127083655896_CAM3.jpg",
        "position": [
            1200,
            2400
        ],
        "category": "4",
        "bbox": [
            224.11106872558594,
            424.8642272949219,
            243.2057342529297,
            449.9874572753906
        ],
        "score": 0.4273909032344818
    },
    {
        "name": "232_7_t20201127083655896_CAM3.jpg",
        "position": [
            2400,
            2400
        ],
        "category": "5",
        "bbox": [
            394.43603515625,
            175.68833923339844,
            406.7032470703125,
            186.7632293701172
        ],
        "score": 0.6169195771217346
    },
    {
        "name": "232_7_t20201127083655896_CAM3.jpg",
        "position": [
            3600,
            2400
        ],
        "category": "5",
        "bbox": [
            452.3815612792969,
            614.9556884765625,
            466.0502014160156,
            625.4290771484375
        ],
        "score": 0.06435313075780869
    },
    {
        "name": "232_7_t20201127083655896_CAM3.jpg",
        "position": [
            600,
            3000
        ],
        "category": "1",
        "bbox": [
            94.88026428222656,
            82.71015167236328,
            172.55821228027344,
            175.06777954101562
        ],
        "score": 0.967191755771637
    },
    {
        "name": "232_7_t20201127083655896_CAM3.jpg",
        "position": [
            600,
            3000
        ],
        "category": "2",
        "bbox": [
            92.58338928222656,
            77.22835540771484,
            173.0706024169922,
            177.60302734375
        ],
        "score": 0.09824585914611816
    },
    {
        "name": "232_7_t20201127083655896_CAM3.jpg",
        "position": [
            1200,
            3000
        ],
        "category": "3",
        "bbox": [
            233.70468139648438,
            12.313397407531738,
            249.89483642578125,
            27.163372039794922
        ],
        "score": 0.16120514273643494
    },
    {
        "name": "232_7_t20201127083655896_CAM3.jpg",
        "position": [
            3000,
            3000
        ],
        "category": "5",
        "bbox": [
            393.1797790527344,
            253.64004516601562,
            414.1968078613281,
            267.5565490722656
        ],
        "score": 0.07297223061323166
    },
    {
        "name": "232_7_t20201127083655896_CAM3.jpg",
        "position": [
            3000,
            3000
        ],
        "category": "1",
        "bbox": [
            391.8171081542969,
            253.29539489746094,
            414.6902160644531,
            267.2262268066406
        ],
        "score": 0.06727834045886993
    },
    {
        "name": "232_7_t20201127083655896_CAM3.jpg",
        "position": [
            3000,
            3000
        ],
        "category": "2",
        "bbox": [
            390.1353759765625,
            253.94244384765625,
            414.22509765625,
            267.54852294921875
        ],
        "score": 0.31560254096984863
    }
]