[
    {
        "name": "232_70_t20201127085955181_CAM1.jpg",
        "position": [
            3600,
            600
        ],
        "category": "5",
        "bbox": [
            540.5538330078125,
            322.2568359375,
            552.4549560546875,
            332.81048583984375
        ],
        "score": 0.10134048759937286
    },
    {
        "name": "232_70_t20201127085955181_CAM1.jpg",
        "position": [
            1800,
            1800
        ],
        "category": "3",
        "bbox": [
            173.4483642578125,
            574.0851440429688,
            184.70980834960938,
            584.9137573242188
        ],
        "score": 0.289924681186676
    },
    {
        "name": "232_70_t20201127085955181_CAM1.jpg",
        "position": [
            6000,
            1800
        ],
        "category": "5",
        "bbox": [
            158.7086944580078,
            142.9538116455078,
            169.9580841064453,
            153.95848083496094
        ],
        "score": 0.9124940633773804
    },
    {
        "name": "232_70_t20201127085955181_CAM1.jpg",
        "position": [
            6000,
            2400
        ],
        "category": "5",
        "bbox": [
            462.4320068359375,
            160.2165985107422,
            475.603759765625,
            171.37159729003906
        ],
        "score": 0.5631849765777588
    },
    {
        "name": "232_70_t20201127085955181_CAM1.jpg",
        "position": [
            6000,
            2400
        ],
        "category": "5",
        "bbox": [
            447.0595397949219,
            262.9168395996094,
            492.4266052246094,
            314.1510314941406
        ],
        "score": 0.4898076355457306
    },
    {
        "name": "232_70_t20201127085955181_CAM1.jpg",
        "position": [
            6000,
            2400
        ],
        "category": "5",
        "bbox": [
            272.1879577636719,
            258.218994140625,
            317.6161804199219,
            301.153076171875
        ],
        "score": 0.29234790802001953
    },
    {
        "name": "232_70_t20201127085955181_CAM1.jpg",
        "position": [
            6000,
            2400
        ],
        "category": "4",
        "bbox": [
            273.43426513671875,
            260.6236267089844,
            316.30010986328125,
            300.8936462402344
        ],
        "score": 0.7569316029548645
    },
    {
        "name": "232_70_t20201127085955181_CAM1.jpg",
        "position": [
            6000,
            2400
        ],
        "category": "4",
        "bbox": [
            442.95660400390625,
            264.3955078125,
            495.0418701171875,
            313.95477294921875
        ],
        "score": 0.3411767780780792
    },
    {
        "name": "232_70_t20201127085955181_CAM1.jpg",
        "position": [
            6000,
            2400
        ],
        "category": "6",
        "bbox": [
            483.293212890625,
            299.2508239746094,
            513.3194580078125,
            334.4408874511719
        ],
        "score": 0.13639387488365173
    },
    {
        "name": "232_70_t20201127085955181_CAM1.jpg",
        "position": [
            6000,
            2400
        ],
        "category": "6",
        "bbox": [
            444.7752380371094,
            264.4609680175781,
            493.1552429199219,
            312.8078918457031
        ],
        "score": 0.31141313910484314
    },
    {
        "name": "232_70_t20201127085955181_CAM1.jpg",
        "position": [
            6000,
            2400
        ],
        "category": "6",
        "bbox": [
            269.712646484375,
            258.5465393066406,
            319.367919921875,
            303.9162902832031
        ],
        "score": 0.15080252289772034
    },
    {
        "name": "232_70_t20201127085955181_CAM1.jpg",
        "position": [
            6000,
            3000
        ],
        "category": "5",
        "bbox": [
            456.2488098144531,
            461.849365234375,
            467.7844543457031,
            473.05841064453125
        ],
        "score": 0.8081393837928772
    },
    {
        "name": "232_70_t20201127085955181_CAM1.jpg",
        "position": [
            1200,
            4200
        ],
        "category": "3",
        "bbox": [
            424.5664367675781,
            207.93728637695312,
            440.5206604003906,
            222.74136352539062
        ],
        "score": 0.16528046131134033
    },
    {
        "name": "232_70_t20201127085955181_CAM1.jpg",
        "position": [
            6000,
            4200
        ],
        "category": "3",
        "bbox": [
            517.1012573242188,
            226.36752319335938,
            530.0808715820312,
            238.34494018554688
        ],
        "score": 0.13164182007312775
    },
    {
        "name": "232_70_t20201127085955181_CAM1.jpg",
        "position": [
            1200,
            4800
        ],
        "category": "4",
        "bbox": [
            391.37371826171875,
            361.425537109375,
            411.57513427734375,
            377.79248046875
        ],
        "score": 0.0560932457447052
    },
    {
        "name": "232_70_t20201127085955181_CAM1.jpg",
        "position": [
            3000,
            4800
        ],
        "category": "5",
        "bbox": [
            410.09417724609375,
            438.6457214355469,
            422.4398193359375,
            448.8898620605469
        ],
        "score": 0.1011166125535965
    },
    {
        "name": "232_70_t20201127085955181_CAM1.jpg",
        "position": [
            3600,
            4800
        ],
        "category": "5",
        "bbox": [
            66.06366729736328,
            459.6142272949219,
            75.90479278564453,
            468.6636047363281
        ],
        "score": 0.18222664296627045
    },
    {
        "name": "232_70_t20201127085955181_CAM1.jpg",
        "position": [
            6000,
            4800
        ],
        "category": "5",
        "bbox": [
            180.99278259277344,
            175.03587341308594,
            192.5463104248047,
            185.20396423339844
        ],
        "score": 0.1793452501296997
    },
    {
        "name": "232_70_t20201127085955181_CAM1.jpg",
        "position": [
            6000,
            4800
        ],
        "category": "5",
        "bbox": [
            538.2800903320312,
            216.7871856689453,
            553.6524047851562,
            231.2709503173828
        ],
        "score": 0.13080674409866333
    },
    {
        "name": "232_70_t20201127085955181_CAM1.jpg",
        "position": [
            6000,
            4800
        ],
        "category": "5",
        "bbox": [
            126.06865692138672,
            62.960391998291016,
            165.68081665039062,
            159.97091674804688
        ],
        "score": 0.5623471140861511
    },
    {
        "name": "232_70_t20201127085955181_CAM1.jpg",
        "position": [
            6000,
            4800
        ],
        "category": "5",
        "bbox": [
            126.9487533569336,
            64.41717529296875,
            152.55987548828125,
            115.5718994140625
        ],
        "score": 0.38793647289276123
    },
    {
        "name": "232_70_t20201127085955181_CAM1.jpg",
        "position": [
            6000,
            4800
        ],
        "category": "5",
        "bbox": [
            141.26522827148438,
            101.41426086425781,
            164.20947265625,
            154.99671936035156
        ],
        "score": 0.05583661422133446
    },
    {
        "name": "232_70_t20201127085955181_CAM1.jpg",
        "position": [
            6000,
            4800
        ],
        "category": "3",
        "bbox": [
            321.7409362792969,
            68.44294738769531,
            336.6632385253906,
            84.04106140136719
        ],
        "score": 0.7574921250343323
    },
    {
        "name": "232_70_t20201127085955181_CAM1.jpg",
        "position": [
            6000,
            4800
        ],
        "category": "4",
        "bbox": [
            322.0849304199219,
            68.31130981445312,
            336.6020202636719,
            84.03971862792969
        ],
        "score": 0.10682304948568344
    },
    {
        "name": "232_70_t20201127085955181_CAM1.jpg",
        "position": [
            6600,
            4800
        ],
        "category": "2",
        "bbox": [
            161.9736785888672,
            627.1575317382812,
            175.9198455810547,
            639.3889770507812
        ],
        "score": 0.27217161655426025
    },
    {
        "name": "232_70_t20201127085955181_CAM1.jpg",
        "position": [
            600,
            5400
        ],
        "category": "2",
        "bbox": [
            547.7096557617188,
            423.05023193359375,
            575.5723266601562,
            453.798095703125
        ],
        "score": 0.1914990097284317
    },
    {
        "name": "232_70_t20201127085955181_CAM1.jpg",
        "position": [
            1200,
            5400
        ],
        "category": "2",
        "bbox": [
            353.27886962890625,
            584.6766357421875,
            631.7947387695312,
            638.4996337890625
        ],
        "score": 0.054096005856990814
    },
    {
        "name": "232_70_t20201127085955181_CAM1.jpg",
        "position": [
            1800,
            5400
        ],
        "category": "2",
        "bbox": [
            5.9683685302734375,
            584.339599609375,
            279.4862060546875,
            638.7847900390625
        ],
        "score": 0.06651853770017624
    },
    {
        "name": "232_70_t20201127085955181_CAM1.jpg",
        "position": [
            2400,
            5400
        ],
        "category": "2",
        "bbox": [
            388.4599609375,
            588.3795166015625,
            640.0,
            638.1162109375
        ],
        "score": 0.06637010723352432
    },
    {
        "name": "232_70_t20201127085955181_CAM1.jpg",
        "position": [
            2400,
            5400
        ],
        "category": "2",
        "bbox": [
            4.8561248779296875,
            588.4290161132812,
            283.5738525390625,
            638.8836059570312
        ],
        "score": 0.06547164916992188
    },
    {
        "name": "232_70_t20201127085955181_CAM1.jpg",
        "position": [
            6000,
            5400
        ],
        "category": "2",
        "bbox": [
            359.37713623046875,
            586.176513671875,
            628.5556640625,
            638.152099609375
        ],
        "score": 0.05328819528222084
    },
    {
        "name": "232_70_t20201127085955181_CAM1.jpg",
        "position": [
            7200,
            5400
        ],
        "category": "2",
        "bbox": [
            352.66644287109375,
            590.6019897460938,
            640.0,
            638.0982055664062
        ],
        "score": 0.06389634311199188
    }
]