[
    {
        "name": "232_74_t20201127090053680_CAM3.jpg",
        "position": [
            0,
            600
        ],
        "category": "2",
        "bbox": [
            625.1935424804688,
            201.81768798828125,
            637.8516235351562,
            213.78018188476562
        ],
        "score": 0.4953845739364624
    },
    {
        "name": "232_74_t20201127090053680_CAM3.jpg",
        "position": [
            600,
            600
        ],
        "category": "2",
        "bbox": [
            23.76769256591797,
            202.0496063232422,
            62.16767120361328,
            215.99119567871094
        ],
        "score": 0.8894736170768738
    },
    {
        "name": "232_74_t20201127090053680_CAM3.jpg",
        "position": [
            600,
            600
        ],
        "category": "2",
        "bbox": [
            36.42566680908203,
            203.1352081298828,
            59.67583465576172,
            214.2206573486328
        ],
        "score": 0.2456381767988205
    },
    {
        "name": "232_74_t20201127090053680_CAM3.jpg",
        "position": [
            600,
            600
        ],
        "category": "2",
        "bbox": [
            27.99175262451172,
            204.01809692382812,
            51.85295867919922,
            213.76998901367188
        ],
        "score": 0.2824813723564148
    },
    {
        "name": "232_74_t20201127090053680_CAM3.jpg",
        "position": [
            1200,
            600
        ],
        "category": "5",
        "bbox": [
            587.9519653320312,
            388.1289978027344,
            599.4431762695312,
            399.1452331542969
        ],
        "score": 0.8291724324226379
    },
    {
        "name": "232_74_t20201127090053680_CAM3.jpg",
        "position": [
            3000,
            600
        ],
        "category": "5",
        "bbox": [
            526.9087524414062,
            53.998573303222656,
            539.4506225585938,
            65.34540557861328
        ],
        "score": 0.050613634288311005
    },
    {
        "name": "232_74_t20201127090053680_CAM3.jpg",
        "position": [
            1200,
            1200
        ],
        "category": "4",
        "bbox": [
            232.14358520507812,
            383.57061767578125,
            260.9050598144531,
            410.27154541015625
        ],
        "score": 0.7595680952072144
    },
    {
        "name": "232_74_t20201127090053680_CAM3.jpg",
        "position": [
            1200,
            1200
        ],
        "category": "4",
        "bbox": [
            200.69540405273438,
            143.394775390625,
            228.15240478515625,
            166.14523315429688
        ],
        "score": 0.8733097314834595
    },
    {
        "name": "232_74_t20201127090053680_CAM3.jpg",
        "position": [
            1200,
            1200
        ],
        "category": "4",
        "bbox": [
            227.2556610107422,
            506.6942443847656,
            253.81837463378906,
            525.8146362304688
        ],
        "score": 0.05743064358830452
    },
    {
        "name": "232_74_t20201127090053680_CAM3.jpg",
        "position": [
            600,
            1800
        ],
        "category": "5",
        "bbox": [
            448.059326171875,
            121.51953887939453,
            459.558349609375,
            132.43991088867188
        ],
        "score": 0.7560914158821106
    },
    {
        "name": "232_74_t20201127090053680_CAM3.jpg",
        "position": [
            1200,
            1800
        ],
        "category": "5",
        "bbox": [
            225.14268493652344,
            587.6863403320312,
            236.49244689941406,
            599.3384399414062
        ],
        "score": 0.8273413777351379
    },
    {
        "name": "232_74_t20201127090053680_CAM3.jpg",
        "position": [
            1200,
            1800
        ],
        "category": "5",
        "bbox": [
            184.18460083007812,
            78.81201934814453,
            206.44830322265625,
            101.08429718017578
        ],
        "score": 0.06240126118063927
    },
    {
        "name": "232_74_t20201127090053680_CAM3.jpg",
        "position": [
            1200,
            1800
        ],
        "category": "5",
        "bbox": [
            182.7598876953125,
            76.32205200195312,
            215.31939697265625,
            116.10971069335938
        ],
        "score": 0.9044061899185181
    },
    {
        "name": "232_74_t20201127090053680_CAM3.jpg",
        "position": [
            1200,
            1800
        ],
        "category": "3",
        "bbox": [
            204.61569213867188,
            398.5630798339844,
            218.43798828125,
            419.1135559082031
        ],
        "score": 0.08833079785108566
    },
    {
        "name": "232_74_t20201127090053680_CAM3.jpg",
        "position": [
            1200,
            1800
        ],
        "category": "3",
        "bbox": [
            246.10910034179688,
            631.7991333007812,
            257.0038757324219,
            640.0
        ],
        "score": 0.074412502348423
    },
    {
        "name": "232_74_t20201127090053680_CAM3.jpg",
        "position": [
            1200,
            1800
        ],
        "category": "4",
        "bbox": [
            205.08584594726562,
            397.66680908203125,
            218.77490234375,
            419.68499755859375
        ],
        "score": 0.2861517369747162
    },
    {
        "name": "232_74_t20201127090053680_CAM3.jpg",
        "position": [
            2400,
            1800
        ],
        "category": "5",
        "bbox": [
            79.3371810913086,
            504.2205810546875,
            103.36022186279297,
            574.40283203125
        ],
        "score": 0.08088401705026627
    },
    {
        "name": "232_74_t20201127090053680_CAM3.jpg",
        "position": [
            3000,
            1800
        ],
        "category": "3",
        "bbox": [
            337.9988708496094,
            35.739288330078125,
            351.8249206542969,
            50.05802917480469
        ],
        "score": 0.3926723301410675
    },
    {
        "name": "232_74_t20201127090053680_CAM3.jpg",
        "position": [
            1200,
            2400
        ],
        "category": "5",
        "bbox": [
            342.4006652832031,
            544.0936279296875,
            353.1808166503906,
            556.26123046875
        ],
        "score": 0.8475990295410156
    },
    {
        "name": "232_74_t20201127090053680_CAM3.jpg",
        "position": [
            1200,
            2400
        ],
        "category": "5",
        "bbox": [
            136.1785888671875,
            27.444744110107422,
            158.94326782226562,
            75.85200500488281
        ],
        "score": 0.09187079221010208
    },
    {
        "name": "232_74_t20201127090053680_CAM3.jpg",
        "position": [
            1200,
            2400
        ],
        "category": "4",
        "bbox": [
            246.85482788085938,
            30.26230812072754,
            262.85638427734375,
            51.00794219970703
        ],
        "score": 0.1365204155445099
    },
    {
        "name": "232_74_t20201127090053680_CAM3.jpg",
        "position": [
            3000,
            2400
        ],
        "category": "5",
        "bbox": [
            266.013916015625,
            266.3786926269531,
            278.02789306640625,
            278.0624694824219
        ],
        "score": 0.900235116481781
    }
]