[
    {
        "name": "232_76_t20201127090135109_CAM2.jpg",
        "position": [
            1200,
            0
        ],
        "category": "2",
        "bbox": [
            120.26566314697266,
            582.53466796875,
            137.529541015625,
            602.7596435546875
        ],
        "score": 0.33730146288871765
    },
    {
        "name": "232_76_t20201127090135109_CAM2.jpg",
        "position": [
            1200,
            0
        ],
        "category": "2",
        "bbox": [
            124.18548583984375,
            579.481689453125,
            143.12469482421875,
            595.9556884765625
        ],
        "score": 0.0746084451675415
    },
    {
        "name": "232_76_t20201127090135109_CAM2.jpg",
        "position": [
            1200,
            0
        ],
        "category": "2",
        "bbox": [
            118.70612335205078,
            586.3602294921875,
            133.32801818847656,
            607.2955322265625
        ],
        "score": 0.06645137071609497
    },
    {
        "name": "232_76_t20201127090135109_CAM2.jpg",
        "position": [
            1200,
            0
        ],
        "category": "2",
        "bbox": [
            118.96522521972656,
            578.8309326171875,
            139.5366973876953,
            613.131103515625
        ],
        "score": 0.5218876600265503
    },
    {
        "name": "232_76_t20201127090135109_CAM2.jpg",
        "position": [
            1200,
            0
        ],
        "category": "2",
        "bbox": [
            122.95570373535156,
            577.5856323242188,
            143.88182067871094,
            628.9553833007812
        ],
        "score": 0.05176762491464615
    },
    {
        "name": "232_76_t20201127090135109_CAM2.jpg",
        "position": [
            1200,
            0
        ],
        "category": "2",
        "bbox": [
            117.91552734375,
            574.95849609375,
            153.1181640625,
            636.5726318359375
        ],
        "score": 0.09811357408761978
    },
    {
        "name": "232_76_t20201127090135109_CAM2.jpg",
        "position": [
            1200,
            600
        ],
        "category": "2",
        "bbox": [
            104.147705078125,
            5.42108154296875,
            131.64739990234375,
            114.20394134521484
        ],
        "score": 0.08324497193098068
    },
    {
        "name": "232_76_t20201127090135109_CAM2.jpg",
        "position": [
            1200,
            600
        ],
        "category": "2",
        "bbox": [
            92.45741271972656,
            0.0,
            135.4341583251953,
            142.9451904296875
        ],
        "score": 0.7149658203125
    },
    {
        "name": "232_76_t20201127090135109_CAM2.jpg",
        "position": [
            1200,
            600
        ],
        "category": "2",
        "bbox": [
            95.77582550048828,
            27.934181213378906,
            119.74039459228516,
            149.357421875
        ],
        "score": 0.09699007123708725
    },
    {
        "name": "232_76_t20201127090135109_CAM2.jpg",
        "position": [
            1800,
            600
        ],
        "category": "5",
        "bbox": [
            165.54946899414062,
            511.1025085449219,
            177.92758178710938,
            522.0078125
        ],
        "score": 0.5338249206542969
    },
    {
        "name": "232_76_t20201127090135109_CAM2.jpg",
        "position": [
            5400,
            600
        ],
        "category": "5",
        "bbox": [
            204.1697998046875,
            525.5758056640625,
            216.198974609375,
            535.5362548828125
        ],
        "score": 0.9023197889328003
    },
    {
        "name": "232_76_t20201127090135109_CAM2.jpg",
        "position": [
            6000,
            600
        ],
        "category": "5",
        "bbox": [
            274.9643859863281,
            550.9143676757812,
            287.7131042480469,
            561.7999877929688
        ],
        "score": 0.07178796082735062
    },
    {
        "name": "232_76_t20201127090135109_CAM2.jpg",
        "position": [
            3600,
            1200
        ],
        "category": "5",
        "bbox": [
            129.5208282470703,
            73.4273681640625,
            140.2318572998047,
            84.30282592773438
        ],
        "score": 0.9213882684707642
    },
    {
        "name": "232_76_t20201127090135109_CAM2.jpg",
        "position": [
            4200,
            1200
        ],
        "category": "5",
        "bbox": [
            222.4253387451172,
            404.19580078125,
            236.1327362060547,
            417.67999267578125
        ],
        "score": 0.964629054069519
    },
    {
        "name": "232_76_t20201127090135109_CAM2.jpg",
        "position": [
            600,
            2400
        ],
        "category": "2",
        "bbox": [
            604.9878540039062,
            611.7344360351562,
            620.0054321289062,
            630.1876831054688
        ],
        "score": 0.06711318343877792
    },
    {
        "name": "232_76_t20201127090135109_CAM2.jpg",
        "position": [
            1800,
            2400
        ],
        "category": "5",
        "bbox": [
            436.6643371582031,
            181.24432373046875,
            448.3016662597656,
            191.93646240234375
        ],
        "score": 0.251263827085495
    },
    {
        "name": "232_76_t20201127090135109_CAM2.jpg",
        "position": [
            4200,
            2400
        ],
        "category": "5",
        "bbox": [
            487.7082824707031,
            269.1903991699219,
            500.8313293457031,
            280.3593444824219
        ],
        "score": 0.9407767653465271
    },
    {
        "name": "232_76_t20201127090135109_CAM2.jpg",
        "position": [
            6000,
            2400
        ],
        "category": "3",
        "bbox": [
            380.17596435546875,
            474.35943603515625,
            394.65679931640625,
            485.77838134765625
        ],
        "score": 0.2729091942310333
    },
    {
        "name": "232_76_t20201127090135109_CAM2.jpg",
        "position": [
            6000,
            3000
        ],
        "category": "3",
        "bbox": [
            359.79852294921875,
            476.8035583496094,
            373.9521484375,
            490.6081848144531
        ],
        "score": 0.5308887958526611
    },
    {
        "name": "232_76_t20201127090135109_CAM2.jpg",
        "position": [
            2400,
            3600
        ],
        "category": "5",
        "bbox": [
            411.1782531738281,
            491.38623046875,
            423.0727844238281,
            501.13531494140625
        ],
        "score": 0.7514669895172119
    },
    {
        "name": "232_76_t20201127090135109_CAM2.jpg",
        "position": [
            4200,
            3600
        ],
        "category": "3",
        "bbox": [
            202.07115173339844,
            578.2733764648438,
            215.3394012451172,
            589.9680786132812
        ],
        "score": 0.7831183075904846
    },
    {
        "name": "232_76_t20201127090135109_CAM2.jpg",
        "position": [
            4200,
            3600
        ],
        "category": "4",
        "bbox": [
            202.16183471679688,
            578.19189453125,
            215.43115234375,
            590.094482421875
        ],
        "score": 0.06483080983161926
    },
    {
        "name": "232_76_t20201127090135109_CAM2.jpg",
        "position": [
            1800,
            4200
        ],
        "category": "5",
        "bbox": [
            202.21603393554688,
            568.711181640625,
            216.67642211914062,
            581.064453125
        ],
        "score": 0.055496808141469955
    },
    {
        "name": "232_76_t20201127090135109_CAM2.jpg",
        "position": [
            2400,
            4200
        ],
        "category": "5",
        "bbox": [
            161.93600463867188,
            517.0340576171875,
            173.44073486328125,
            527.682861328125
        ],
        "score": 0.8848291635513306
    },
    {
        "name": "232_76_t20201127090135109_CAM2.jpg",
        "position": [
            2400,
            4200
        ],
        "category": "5",
        "bbox": [
            318.808837890625,
            123.01629638671875,
            329.6885986328125,
            133.46261596679688
        ],
        "score": 0.6135410070419312
    },
    {
        "name": "232_76_t20201127090135109_CAM2.jpg",
        "position": [
            4800,
            4200
        ],
        "category": "3",
        "bbox": [
            512.9130859375,
            381.5022277832031,
            527.9588623046875,
            394.8394470214844
        ],
        "score": 0.4780740737915039
    },
    {
        "name": "232_76_t20201127090135109_CAM2.jpg",
        "position": [
            1800,
            4800
        ],
        "category": "5",
        "bbox": [
            496.487060546875,
            613.4730834960938,
            509.97930908203125,
            622.5879516601562
        ],
        "score": 0.08234801888465881
    },
    {
        "name": "232_76_t20201127090135109_CAM2.jpg",
        "position": [
            4800,
            4800
        ],
        "category": "5",
        "bbox": [
            273.7650146484375,
            586.404052734375,
            286.93402099609375,
            596.79345703125
        ],
        "score": 0.6946327090263367
    },
    {
        "name": "232_76_t20201127090135109_CAM2.jpg",
        "position": [
            6000,
            4800
        ],
        "category": "5",
        "bbox": [
            505.52655029296875,
            472.0123291015625,
            515.970458984375,
            482.867431640625
        ],
        "score": 0.27739089727401733
    },
    {
        "name": "232_76_t20201127090135109_CAM2.jpg",
        "position": [
            6000,
            4800
        ],
        "category": "3",
        "bbox": [
            339.15386962890625,
            325.2665100097656,
            355.33673095703125,
            342.0664978027344
        ],
        "score": 0.059717148542404175
    },
    {
        "name": "232_76_t20201127090135109_CAM2.jpg",
        "position": [
            6000,
            4800
        ],
        "category": "1",
        "bbox": [
            497.724853515625,
            531.6347045898438,
            513.6835327148438,
            632.3964233398438
        ],
        "score": 0.07853894680738449
    },
    {
        "name": "232_76_t20201127090135109_CAM2.jpg",
        "position": [
            6000,
            4800
        ],
        "category": "1",
        "bbox": [
            492.3807373046875,
            500.7447509765625,
            516.126953125,
            638.275634765625
        ],
        "score": 0.05355106294155121
    },
    {
        "name": "232_76_t20201127090135109_CAM2.jpg",
        "position": [
            6000,
            4800
        ],
        "category": "1",
        "bbox": [
            481.5912170410156,
            549.671142578125,
            513.9429931640625,
            633.950439453125
        ],
        "score": 0.08982186764478683
    },
    {
        "name": "232_76_t20201127090135109_CAM2.jpg",
        "position": [
            6000,
            4800
        ],
        "category": "2",
        "bbox": [
            458.6889953613281,
            452.2245178222656,
            522.6719970703125,
            636.0205078125
        ],
        "score": 0.06138206645846367
    },
    {
        "name": "232_76_t20201127090135109_CAM2.jpg",
        "position": [
            1800,
            5400
        ],
        "category": "5",
        "bbox": [
            496.52264404296875,
            12.414005279541016,
            509.97039794921875,
            22.165428161621094
        ],
        "score": 0.4473470151424408
    },
    {
        "name": "232_76_t20201127090135109_CAM2.jpg",
        "position": [
            6000,
            5400
        ],
        "category": "2",
        "bbox": [
            497.43890380859375,
            49.354469299316406,
            513.4597778320312,
            65.4917984008789
        ],
        "score": 0.18268650770187378
    },
    {
        "name": "232_76_t20201127090135109_CAM2.jpg",
        "position": [
            6000,
            5400
        ],
        "category": "2",
        "bbox": [
            493.8301696777344,
            3.2903404235839844,
            512.8859252929688,
            70.55677795410156
        ],
        "score": 0.30155184864997864
    },
    {
        "name": "232_76_t20201127090135109_CAM2.jpg",
        "position": [
            6000,
            5400
        ],
        "category": "2",
        "bbox": [
            405.2646484375,
            0.0,
            523.8858642578125,
            73.90174865722656
        ],
        "score": 0.052855852991342545
    }
]