[
    {
        "name": "232_74_t20201127090054187_CAM1.jpg",
        "position": [
            1200,
            0
        ],
        "category": "2",
        "bbox": [
            46.04339599609375,
            542.9476928710938,
            106.66783142089844,
            559.2702026367188
        ],
        "score": 0.9370304942131042
    },
    {
        "name": "232_74_t20201127090054187_CAM1.jpg",
        "position": [
            1200,
            0
        ],
        "category": "2",
        "bbox": [
            40.47454833984375,
            540.1785278320312,
            112.8121337890625,
            568.9857788085938
        ],
        "score": 0.1865164041519165
    },
    {
        "name": "232_74_t20201127090054187_CAM1.jpg",
        "position": [
            1200,
            0
        ],
        "category": "2",
        "bbox": [
            70.10049438476562,
            543.11279296875,
            102.90682983398438,
            556.575927734375
        ],
        "score": 0.1967080682516098
    },
    {
        "name": "232_74_t20201127090054187_CAM1.jpg",
        "position": [
            1200,
            0
        ],
        "category": "2",
        "bbox": [
            41.98843765258789,
            530.899169921875,
            108.10133361816406,
            640.0
        ],
        "score": 0.1636563092470169
    },
    {
        "name": "232_74_t20201127090054187_CAM1.jpg",
        "position": [
            600,
            600
        ],
        "category": "5",
        "bbox": [
            142.7516632080078,
            584.5154418945312,
            151.42897033691406,
            597.8112182617188
        ],
        "score": 0.11425060778856277
    },
    {
        "name": "232_74_t20201127090054187_CAM1.jpg",
        "position": [
            600,
            600
        ],
        "category": "5",
        "bbox": [
            139.86123657226562,
            575.4777221679688,
            153.26687622070312,
            636.1322631835938
        ],
        "score": 0.07624396681785583
    },
    {
        "name": "232_74_t20201127090054187_CAM1.jpg",
        "position": [
            1200,
            600
        ],
        "category": "5",
        "bbox": [
            315.8269348144531,
            78.74551391601562,
            331.4694519042969,
            94.07389831542969
        ],
        "score": 0.14987215399742126
    },
    {
        "name": "232_74_t20201127090054187_CAM1.jpg",
        "position": [
            3000,
            600
        ],
        "category": "5",
        "bbox": [
            512.75439453125,
            346.55230712890625,
            525.3468017578125,
            357.08154296875
        ],
        "score": 0.931110143661499
    },
    {
        "name": "232_74_t20201127090054187_CAM1.jpg",
        "position": [
            5400,
            600
        ],
        "category": "5",
        "bbox": [
            331.4798889160156,
            158.5347137451172,
            344.1732482910156,
            169.4416961669922
        ],
        "score": 0.16781334578990936
    },
    {
        "name": "232_74_t20201127090054187_CAM1.jpg",
        "position": [
            1800,
            1200
        ],
        "category": "5",
        "bbox": [
            511.2178955078125,
            326.91387939453125,
            523.83642578125,
            337.19415283203125
        ],
        "score": 0.09015633910894394
    },
    {
        "name": "232_74_t20201127090054187_CAM1.jpg",
        "position": [
            2400,
            1800
        ],
        "category": "5",
        "bbox": [
            410.3836364746094,
            527.3408203125,
            422.5877380371094,
            536.8314208984375
        ],
        "score": 0.6034417748451233
    },
    {
        "name": "232_74_t20201127090054187_CAM1.jpg",
        "position": [
            600,
            2400
        ],
        "category": "3",
        "bbox": [
            166.36279296875,
            188.62522888183594,
            180.172119140625,
            202.1162567138672
        ],
        "score": 0.06617894768714905
    },
    {
        "name": "232_74_t20201127090054187_CAM1.jpg",
        "position": [
            1800,
            2400
        ],
        "category": "5",
        "bbox": [
            278.7208251953125,
            411.3638000488281,
            289.60919189453125,
            422.1113586425781
        ],
        "score": 0.8838805556297302
    },
    {
        "name": "232_74_t20201127090054187_CAM1.jpg",
        "position": [
            1800,
            2400
        ],
        "category": "5",
        "bbox": [
            497.43304443359375,
            590.0521240234375,
            509.93218994140625,
            600.544921875
        ],
        "score": 0.09987592697143555
    },
    {
        "name": "232_74_t20201127090054187_CAM1.jpg",
        "position": [
            2400,
            2400
        ],
        "category": "5",
        "bbox": [
            334.01361083984375,
            334.9367370605469,
            367.8671875,
            366.9610900878906
        ],
        "score": 0.24394069612026215
    },
    {
        "name": "232_74_t20201127090054187_CAM1.jpg",
        "position": [
            2400,
            2400
        ],
        "category": "5",
        "bbox": [
            325.7471618652344,
            329.3896179199219,
            382.8327331542969,
            391.7735900878906
        ],
        "score": 0.5380963683128357
    },
    {
        "name": "232_74_t20201127090054187_CAM1.jpg",
        "position": [
            2400,
            2400
        ],
        "category": "5",
        "bbox": [
            347.26446533203125,
            329.69952392578125,
            376.19415283203125,
            398.01690673828125
        ],
        "score": 0.05203224718570709
    },
    {
        "name": "232_74_t20201127090054187_CAM1.jpg",
        "position": [
            6000,
            2400
        ],
        "category": "5",
        "bbox": [
            278.09918212890625,
            248.7893524169922,
            290.05224609375,
            260.88330078125
        ],
        "score": 0.11923375725746155
    },
    {
        "name": "232_74_t20201127090054187_CAM1.jpg",
        "position": [
            6000,
            2400
        ],
        "category": "3",
        "bbox": [
            510.84149169921875,
            293.21221923828125,
            522.9993286132812,
            304.67022705078125
        ],
        "score": 0.8386166095733643
    },
    {
        "name": "232_74_t20201127090054187_CAM1.jpg",
        "position": [
            2400,
            3000
        ],
        "category": "3",
        "bbox": [
            165.38824462890625,
            45.520591735839844,
            178.38299560546875,
            58.258209228515625
        ],
        "score": 0.062293458729982376
    },
    {
        "name": "232_74_t20201127090054187_CAM1.jpg",
        "position": [
            7200,
            3000
        ],
        "category": "5",
        "bbox": [
            376.0845642089844,
            402.9441223144531,
            389.9322814941406,
            420.7432556152344
        ],
        "score": 0.07079735398292542
    },
    {
        "name": "232_74_t20201127090054187_CAM1.jpg",
        "position": [
            7200,
            3000
        ],
        "category": "3",
        "bbox": [
            375.54290771484375,
            267.4233093261719,
            389.69073486328125,
            281.5317077636719
        ],
        "score": 0.3475878834724426
    },
    {
        "name": "232_74_t20201127090054187_CAM1.jpg",
        "position": [
            2400,
            3600
        ],
        "category": "5",
        "bbox": [
            413.5948791503906,
            159.6814422607422,
            424.0511169433594,
            170.72291564941406
        ],
        "score": 0.8195656538009644
    },
    {
        "name": "232_74_t20201127090054187_CAM1.jpg",
        "position": [
            4800,
            3600
        ],
        "category": "5",
        "bbox": [
            26.914291381835938,
            0.0,
            94.76429748535156,
            132.39260864257812
        ],
        "score": 0.2405259907245636
    },
    {
        "name": "232_74_t20201127090054187_CAM1.jpg",
        "position": [
            4800,
            3600
        ],
        "category": "3",
        "bbox": [
            479.23492431640625,
            284.7820129394531,
            490.63592529296875,
            295.5643005371094
        ],
        "score": 0.8449354767799377
    },
    {
        "name": "232_74_t20201127090054187_CAM1.jpg",
        "position": [
            4800,
            3600
        ],
        "category": "4",
        "bbox": [
            33.869850158691406,
            0.0,
            94.07335662841797,
            153.41839599609375
        ],
        "score": 0.051683854311704636
    },
    {
        "name": "232_74_t20201127090054187_CAM1.jpg",
        "position": [
            4800,
            3600
        ],
        "category": "6",
        "bbox": [
            17.778221130371094,
            0.0,
            104.02352142333984,
            159.4403533935547
        ],
        "score": 0.05450638756155968
    },
    {
        "name": "232_74_t20201127090054187_CAM1.jpg",
        "position": [
            2400,
            4200
        ],
        "category": "3",
        "bbox": [
            43.111663818359375,
            526.274658203125,
            56.22661590576172,
            537.3251953125
        ],
        "score": 0.17380443215370178
    },
    {
        "name": "232_74_t20201127090054187_CAM1.jpg",
        "position": [
            6000,
            4200
        ],
        "category": "5",
        "bbox": [
            368.0087890625,
            161.47801208496094,
            378.974609375,
            173.59483337402344
        ],
        "score": 0.9229767322540283
    },
    {
        "name": "232_74_t20201127090054187_CAM1.jpg",
        "position": [
            3000,
            4800
        ],
        "category": "5",
        "bbox": [
            37.81206512451172,
            82.70667266845703,
            49.5975341796875,
            96.05867767333984
        ],
        "score": 0.944126546382904
    },
    {
        "name": "232_74_t20201127090054187_CAM1.jpg",
        "position": [
            6000,
            4800
        ],
        "category": "3",
        "bbox": [
            517.5877075195312,
            319.9482727050781,
            530.9795532226562,
            332.1676330566406
        ],
        "score": 0.3082597851753235
    },
    {
        "name": "232_74_t20201127090054187_CAM1.jpg",
        "position": [
            1200,
            5400
        ],
        "category": "2",
        "bbox": [
            378.62554931640625,
            587.4052124023438,
            640.0,
            638.2582397460938
        ],
        "score": 0.06484217941761017
    },
    {
        "name": "232_74_t20201127090054187_CAM1.jpg",
        "position": [
            1800,
            5400
        ],
        "category": "2",
        "bbox": [
            5.7142181396484375,
            584.2703857421875,
            284.898193359375,
            638.99755859375
        ],
        "score": 0.0527462475001812
    },
    {
        "name": "232_74_t20201127090054187_CAM1.jpg",
        "position": [
            2400,
            5400
        ],
        "category": "2",
        "bbox": [
            621.8271484375,
            592.962890625,
            638.166259765625,
            605.9287109375
        ],
        "score": 0.06232457980513573
    },
    {
        "name": "232_74_t20201127090054187_CAM1.jpg",
        "position": [
            3000,
            5400
        ],
        "category": "2",
        "bbox": [
            396.01397705078125,
            587.3114624023438,
            640.0,
            637.7677612304688
        ],
        "score": 0.059905506670475006
    }
]