[
    {
        "name": "232_72_t20201127090023675_CAM3.jpg",
        "position": [
            600,
            0
        ],
        "category": "5",
        "bbox": [
            366.2495422363281,
            69.39539337158203,
            378.6376037597656,
            81.62149810791016
        ],
        "score": 0.059079550206661224
    },
    {
        "name": "232_72_t20201127090023675_CAM3.jpg",
        "position": [
            0,
            600
        ],
        "category": "2",
        "bbox": [
            599.2508544921875,
            225.59832763671875,
            619.21875,
            235.29901123046875
        ],
        "score": 0.10410799086093903
    },
    {
        "name": "232_72_t20201127090023675_CAM3.jpg",
        "position": [
            0,
            600
        ],
        "category": "2",
        "bbox": [
            597.1378784179688,
            225.24667358398438,
            639.2606811523438,
            236.11740112304688
        ],
        "score": 0.3903922736644745
    },
    {
        "name": "232_72_t20201127090023675_CAM3.jpg",
        "position": [
            0,
            600
        ],
        "category": "2",
        "bbox": [
            599.3172607421875,
            226.3922882080078,
            610.572509765625,
            236.2786102294922
        ],
        "score": 0.1557331532239914
    },
    {
        "name": "232_72_t20201127090023675_CAM3.jpg",
        "position": [
            1200,
            600
        ],
        "category": "5",
        "bbox": [
            436.39154052734375,
            225.8894805908203,
            448.4334716796875,
            236.5904998779297
        ],
        "score": 0.5690933465957642
    },
    {
        "name": "232_72_t20201127090023675_CAM3.jpg",
        "position": [
            1200,
            600
        ],
        "category": "4",
        "bbox": [
            232.2614288330078,
            300.1878662109375,
            253.69493103027344,
            318.98565673828125
        ],
        "score": 0.8842145800590515
    },
    {
        "name": "232_72_t20201127090023675_CAM3.jpg",
        "position": [
            2400,
            600
        ],
        "category": "3",
        "bbox": [
            265.8747253417969,
            598.7255859375,
            279.0234680175781,
            613.1871337890625
        ],
        "score": 0.3026219308376312
    },
    {
        "name": "232_72_t20201127090023675_CAM3.jpg",
        "position": [
            1200,
            1200
        ],
        "category": "4",
        "bbox": [
            240.92433166503906,
            126.87068176269531,
            269.9245300292969,
            147.0166778564453
        ],
        "score": 0.189629465341568
    },
    {
        "name": "232_72_t20201127090023675_CAM3.jpg",
        "position": [
            2400,
            1200
        ],
        "category": "3",
        "bbox": [
            265.0281677246094,
            0.035739898681640625,
            278.9689025878906,
            13.029618263244629
        ],
        "score": 0.3787689805030823
    },
    {
        "name": "232_72_t20201127090023675_CAM3.jpg",
        "position": [
            3000,
            1200
        ],
        "category": "5",
        "bbox": [
            326.48675537109375,
            350.7848205566406,
            337.93377685546875,
            361.7544860839844
        ],
        "score": 0.9129859209060669
    },
    {
        "name": "232_72_t20201127090023675_CAM3.jpg",
        "position": [
            3000,
            1200
        ],
        "category": "5",
        "bbox": [
            306.1427001953125,
            352.4182434082031,
            318.52032470703125,
            362.9112243652344
        ],
        "score": 0.5649317502975464
    },
    {
        "name": "232_72_t20201127090023675_CAM3.jpg",
        "position": [
            3000,
            1200
        ],
        "category": "5",
        "bbox": [
            598.1915283203125,
            421.76446533203125,
            609.530029296875,
            435.2198486328125
        ],
        "score": 0.05141344293951988
    },
    {
        "name": "232_72_t20201127090023675_CAM3.jpg",
        "position": [
            3000,
            1200
        ],
        "category": "5",
        "bbox": [
            615.3612060546875,
            454.33935546875,
            625.081787109375,
            464.85546875
        ],
        "score": 0.09004730731248856
    },
    {
        "name": "232_72_t20201127090023675_CAM3.jpg",
        "position": [
            3000,
            1200
        ],
        "category": "5",
        "bbox": [
            598.8462524414062,
            437.3351745605469,
            609.9152221679688,
            449.0172424316406
        ],
        "score": 0.06492354720830917
    },
    {
        "name": "232_72_t20201127090023675_CAM3.jpg",
        "position": [
            3000,
            1200
        ],
        "category": "3",
        "bbox": [
            0.0,
            273.4927978515625,
            9.750405311584473,
            284.86029052734375
        ],
        "score": 0.07338935136795044
    },
    {
        "name": "232_72_t20201127090023675_CAM3.jpg",
        "position": [
            1200,
            1800
        ],
        "category": "3",
        "bbox": [
            216.43016052246094,
            289.78802490234375,
            234.41746520996094,
            308.78289794921875
        ],
        "score": 0.23409996926784515
    },
    {
        "name": "232_72_t20201127090023675_CAM3.jpg",
        "position": [
            1200,
            1800
        ],
        "category": "4",
        "bbox": [
            216.7041778564453,
            289.11181640625,
            234.8893585205078,
            309.13702392578125
        ],
        "score": 0.32729142904281616
    },
    {
        "name": "232_72_t20201127090023675_CAM3.jpg",
        "position": [
            1200,
            1800
        ],
        "category": "4",
        "bbox": [
            212.86639404296875,
            97.14279174804688,
            234.17257690429688,
            115.71029663085938
        ],
        "score": 0.6677419543266296
    },
    {
        "name": "232_72_t20201127090023675_CAM3.jpg",
        "position": [
            2400,
            1800
        ],
        "category": "5",
        "bbox": [
            603.908203125,
            557.7036743164062,
            639.0101318359375,
            603.2113647460938
        ],
        "score": 0.10558059811592102
    },
    {
        "name": "232_72_t20201127090023675_CAM3.jpg",
        "position": [
            3000,
            1800
        ],
        "category": "5",
        "bbox": [
            614.75634765625,
            117.88799285888672,
            625.2899169921875,
            129.67990112304688
        ],
        "score": 0.12038188427686691
    },
    {
        "name": "232_72_t20201127090023675_CAM3.jpg",
        "position": [
            3000,
            1800
        ],
        "category": "5",
        "bbox": [
            3.4016475677490234,
            559.16064453125,
            38.27830505371094,
            608.9779052734375
        ],
        "score": 0.1125124916434288
    },
    {
        "name": "232_72_t20201127090023675_CAM3.jpg",
        "position": [
            3000,
            1800
        ],
        "category": "5",
        "bbox": [
            0.43244361877441406,
            550.06494140625,
            52.06724548339844,
            635.0823974609375
        ],
        "score": 0.06454245746135712
    },
    {
        "name": "232_72_t20201127090023675_CAM3.jpg",
        "position": [
            600,
            2400
        ],
        "category": "3",
        "bbox": [
            173.6588897705078,
            571.803955078125,
            186.9308319091797,
            584.4222412109375
        ],
        "score": 0.21693366765975952
    },
    {
        "name": "232_72_t20201127090023675_CAM3.jpg",
        "position": [
            1200,
            2400
        ],
        "category": "5",
        "bbox": [
            136.65931701660156,
            34.666748046875,
            159.5055694580078,
            85.29576110839844
        ],
        "score": 0.363584041595459
    },
    {
        "name": "232_72_t20201127090023675_CAM3.jpg",
        "position": [
            1200,
            2400
        ],
        "category": "4",
        "bbox": [
            137.39218139648438,
            34.33255386352539,
            159.15682983398438,
            85.7117919921875
        ],
        "score": 0.0717964842915535
    },
    {
        "name": "232_72_t20201127090023675_CAM3.jpg",
        "position": [
            2400,
            2400
        ],
        "category": "5",
        "bbox": [
            286.29986572265625,
            539.7772827148438,
            303.14508056640625,
            556.2439575195312
        ],
        "score": 0.9687564969062805
    },
    {
        "name": "232_72_t20201127090023675_CAM3.jpg",
        "position": [
            2400,
            2400
        ],
        "category": "5",
        "bbox": [
            189.88743591308594,
            575.2769775390625,
            215.7366180419922,
            598.8050537109375
        ],
        "score": 0.2630290687084198
    },
    {
        "name": "232_72_t20201127090023675_CAM3.jpg",
        "position": [
            2400,
            2400
        ],
        "category": "5",
        "bbox": [
            183.15457153320312,
            573.3456420898438,
            214.86605834960938,
            615.7022094726562
        ],
        "score": 0.8677794933319092
    },
    {
        "name": "232_72_t20201127090023675_CAM3.jpg",
        "position": [
            3000,
            2400
        ],
        "category": "5",
        "bbox": [
            47.100196838378906,
            239.204833984375,
            60.658233642578125,
            251.79782104492188
        ],
        "score": 0.3018728792667389
    },
    {
        "name": "232_72_t20201127090023675_CAM3.jpg",
        "position": [
            600,
            3000
        ],
        "category": "5",
        "bbox": [
            557.9024047851562,
            470.47406005859375,
            570.5783081054688,
            481.56048583984375
        ],
        "score": 0.07222959399223328
    },
    {
        "name": "232_72_t20201127090023675_CAM3.jpg",
        "position": [
            1200,
            3000
        ],
        "category": "5",
        "bbox": [
            515.3192138671875,
            198.93228149414062,
            529.164306640625,
            210.73965454101562
        ],
        "score": 0.11613763123750687
    },
    {
        "name": "232_72_t20201127090023675_CAM3.jpg",
        "position": [
            1200,
            3000
        ],
        "category": "2",
        "bbox": [
            199.82489013671875,
            408.60498046875,
            237.64370727539062,
            443.53985595703125
        ],
        "score": 0.45246121287345886
    },
    {
        "name": "232_72_t20201127090023675_CAM3.jpg",
        "position": [
            2400,
            3000
        ],
        "category": "5",
        "bbox": [
            182.96270751953125,
            0.0,
            198.6419677734375,
            12.956107139587402
        ],
        "score": 0.7175546884536743
    },
    {
        "name": "232_72_t20201127090023675_CAM3.jpg",
        "position": [
            2400,
            3000
        ],
        "category": "5",
        "bbox": [
            313.42694091796875,
            135.105224609375,
            373.3463134765625,
            168.07843017578125
        ],
        "score": 0.06099516153335571
    },
    {
        "name": "232_72_t20201127090023675_CAM3.jpg",
        "position": [
            2400,
            3000
        ],
        "category": "5",
        "bbox": [
            296.24322509765625,
            123.31671905517578,
            378.16619873046875,
            171.56927490234375
        ],
        "score": 0.13190017640590668
    }
]