[
    {
        "name": "232_7_t20201127083656543_CAM2.jpg",
        "position": [
            600,
            0
        ],
        "category": "2",
        "bbox": [
            256.1985778808594,
            211.17620849609375,
            279.1261901855469,
            227.03396606445312
        ],
        "score": 0.18381942808628082
    },
    {
        "name": "232_7_t20201127083656543_CAM2.jpg",
        "position": [
            3000,
            600
        ],
        "category": "5",
        "bbox": [
            524.9951171875,
            581.465087890625,
            537.328125,
            591.67236328125
        ],
        "score": 0.16033393144607544
    },
    {
        "name": "232_7_t20201127083656543_CAM2.jpg",
        "position": [
            3000,
            600
        ],
        "category": "5",
        "bbox": [
            134.76820373535156,
            267.41705322265625,
            147.2880401611328,
            278.15679931640625
        ],
        "score": 0.11831190437078476
    },
    {
        "name": "232_7_t20201127083656543_CAM2.jpg",
        "position": [
            1800,
            1200
        ],
        "category": "5",
        "bbox": [
            95.6308822631836,
            97.2224349975586,
            108.98018646240234,
            107.82752227783203
        ],
        "score": 0.061581969261169434
    },
    {
        "name": "232_7_t20201127083656543_CAM2.jpg",
        "position": [
            6000,
            1800
        ],
        "category": "3",
        "bbox": [
            471.86083984375,
            485.8489074707031,
            485.91729736328125,
            499.4425354003906
        ],
        "score": 0.7609351873397827
    },
    {
        "name": "232_7_t20201127083656543_CAM2.jpg",
        "position": [
            4200,
            2400
        ],
        "category": "5",
        "bbox": [
            517.511474609375,
            524.4547729492188,
            540.3756103515625,
            542.0548706054688
        ],
        "score": 0.11400038003921509
    },
    {
        "name": "232_7_t20201127083656543_CAM2.jpg",
        "position": [
            4200,
            2400
        ],
        "category": "5",
        "bbox": [
            517.3282470703125,
            523.0830688476562,
            544.132080078125,
            561.2520141601562
        ],
        "score": 0.8045941591262817
    },
    {
        "name": "232_7_t20201127083656543_CAM2.jpg",
        "position": [
            4200,
            2400
        ],
        "category": "5",
        "bbox": [
            506.8646545410156,
            520.0146484375,
            552.670654296875,
            571.8511962890625
        ],
        "score": 0.10604889690876007
    },
    {
        "name": "232_7_t20201127083656543_CAM2.jpg",
        "position": [
            4200,
            2400
        ],
        "category": "4",
        "bbox": [
            115.29500579833984,
            581.629638671875,
            180.72238159179688,
            636.103271484375
        ],
        "score": 0.7194175720214844
    },
    {
        "name": "232_7_t20201127083656543_CAM2.jpg",
        "position": [
            5400,
            2400
        ],
        "category": "5",
        "bbox": [
            333.057861328125,
            319.11798095703125,
            344.357666015625,
            330.571044921875
        ],
        "score": 0.9097568988800049
    },
    {
        "name": "232_7_t20201127083656543_CAM2.jpg",
        "position": [
            5400,
            2400
        ],
        "category": "5",
        "bbox": [
            592.9703369140625,
            175.39695739746094,
            605.1575927734375,
            185.2046661376953
        ],
        "score": 0.6086341738700867
    },
    {
        "name": "232_7_t20201127083656543_CAM2.jpg",
        "position": [
            6000,
            2400
        ],
        "category": "5",
        "bbox": [
            427.2482604980469,
            250.47039794921875,
            439.9620666503906,
            261.615966796875
        ],
        "score": 0.8940319418907166
    },
    {
        "name": "232_7_t20201127083656543_CAM2.jpg",
        "position": [
            6000,
            2400
        ],
        "category": "5",
        "bbox": [
            123.25444793701172,
            406.3338928222656,
            135.73568725585938,
            416.4844055175781
        ],
        "score": 0.27443960309028625
    },
    {
        "name": "232_7_t20201127083656543_CAM2.jpg",
        "position": [
            2400,
            3000
        ],
        "category": "5",
        "bbox": [
            474.16485595703125,
            412.2464904785156,
            485.9969482421875,
            422.6802062988281
        ],
        "score": 0.9227362275123596
    },
    {
        "name": "232_7_t20201127083656543_CAM2.jpg",
        "position": [
            4200,
            3000
        ],
        "category": "5",
        "bbox": [
            497.2426452636719,
            45.56533432006836,
            508.0179138183594,
            54.34477615356445
        ],
        "score": 0.1654740571975708
    },
    {
        "name": "232_7_t20201127083656543_CAM2.jpg",
        "position": [
            5400,
            3000
        ],
        "category": "5",
        "bbox": [
            374.666015625,
            633.8935546875,
            388.22137451171875,
            640.0
        ],
        "score": 0.09025318920612335
    },
    {
        "name": "232_7_t20201127083656543_CAM2.jpg",
        "position": [
            5400,
            3000
        ],
        "category": "5",
        "bbox": [
            486.17779541015625,
            393.8393249511719,
            497.66455078125,
            404.0465393066406
        ],
        "score": 0.11161251366138458
    },
    {
        "name": "232_7_t20201127083656543_CAM2.jpg",
        "position": [
            6000,
            3000
        ],
        "category": "5",
        "bbox": [
            54.75421142578125,
            253.1778564453125,
            66.0138931274414,
            262.88079833984375
        ],
        "score": 0.3263613283634186
    },
    {
        "name": "232_7_t20201127083656543_CAM2.jpg",
        "position": [
            5400,
            3600
        ],
        "category": "5",
        "bbox": [
            104.59452819824219,
            591.0358276367188,
            116.32894897460938,
            602.2410278320312
        ],
        "score": 0.9274274110794067
    },
    {
        "name": "232_7_t20201127083656543_CAM2.jpg",
        "position": [
            6000,
            4200
        ],
        "category": "5",
        "bbox": [
            471.5510559082031,
            69.80372619628906,
            485.0096740722656,
            81.22000122070312
        ],
        "score": 0.42553362250328064
    },
    {
        "name": "232_7_t20201127083656543_CAM2.jpg",
        "position": [
            1200,
            4800
        ],
        "category": "1",
        "bbox": [
            390.4167175292969,
            355.3951416015625,
            542.0084838867188,
            538.119384765625
        ],
        "score": 0.9226667284965515
    },
    {
        "name": "232_7_t20201127083656543_CAM2.jpg",
        "position": [
            1200,
            4800
        ],
        "category": "2",
        "bbox": [
            362.035400390625,
            361.12982177734375,
            546.83837890625,
            626.108642578125
        ],
        "score": 0.08100509643554688
    },
    {
        "name": "232_7_t20201127083656543_CAM2.jpg",
        "position": [
            1800,
            4800
        ],
        "category": "5",
        "bbox": [
            499.9351501464844,
            292.26531982421875,
            512.6856079101562,
            302.28228759765625
        ],
        "score": 0.1345498114824295
    },
    {
        "name": "232_7_t20201127083656543_CAM2.jpg",
        "position": [
            6600,
            5400
        ],
        "category": "2",
        "bbox": [
            0.0,
            161.51287841796875,
            60.22675323486328,
            195.07778930664062
        ],
        "score": 0.9210888743400574
    }
]