[
    {
        "name": "232_78_t20201127090211673_CAM1.jpg",
        "position": [
            600,
            0
        ],
        "category": "2",
        "bbox": [
            510.6040344238281,
            632.3377075195312,
            530.513427734375,
            640.0
        ],
        "score": 0.06296422332525253
    },
    {
        "name": "232_78_t20201127090211673_CAM1.jpg",
        "position": [
            600,
            600
        ],
        "category": "2",
        "bbox": [
            491.4902038574219,
            47.66632843017578,
            535.6166381835938,
            67.48400115966797
        ],
        "score": 0.9532334804534912
    },
    {
        "name": "232_78_t20201127090211673_CAM1.jpg",
        "position": [
            600,
            600
        ],
        "category": "2",
        "bbox": [
            488.0022277832031,
            40.76383972167969,
            540.7432861328125,
            74.0794677734375
        ],
        "score": 0.2018083930015564
    },
    {
        "name": "232_78_t20201127090211673_CAM1.jpg",
        "position": [
            1200,
            600
        ],
        "category": "5",
        "bbox": [
            366.0105895996094,
            293.0372314453125,
            377.5013122558594,
            303.2623291015625
        ],
        "score": 0.6052981019020081
    },
    {
        "name": "232_78_t20201127090211673_CAM1.jpg",
        "position": [
            4200,
            600
        ],
        "category": "5",
        "bbox": [
            495.3583984375,
            431.5311584472656,
            568.7537841796875,
            640.0
        ],
        "score": 0.26882851123809814
    },
    {
        "name": "232_78_t20201127090211673_CAM1.jpg",
        "position": [
            1200,
            1800
        ],
        "category": "3",
        "bbox": [
            180.8510284423828,
            221.65179443359375,
            196.1647186279297,
            236.94039916992188
        ],
        "score": 0.7434114813804626
    },
    {
        "name": "232_78_t20201127090211673_CAM1.jpg",
        "position": [
            1200,
            1800
        ],
        "category": "3",
        "bbox": [
            214.59249877929688,
            602.4287109375,
            227.30661010742188,
            614.30419921875
        ],
        "score": 0.1015758067369461
    },
    {
        "name": "232_78_t20201127090211673_CAM1.jpg",
        "position": [
            1200,
            1800
        ],
        "category": "4",
        "bbox": [
            181.17250061035156,
            221.53990173339844,
            196.3542022705078,
            236.9636688232422
        ],
        "score": 0.09367578476667404
    },
    {
        "name": "232_78_t20201127090211673_CAM1.jpg",
        "position": [
            1200,
            1800
        ],
        "category": "4",
        "bbox": [
            214.80026245117188,
            602.0806274414062,
            227.59954833984375,
            614.2750854492188
        ],
        "score": 0.07567743211984634
    },
    {
        "name": "232_78_t20201127090211673_CAM1.jpg",
        "position": [
            7200,
            1800
        ],
        "category": "3",
        "bbox": [
            380.8467102050781,
            631.2103271484375,
            392.6881408691406,
            639.5791015625
        ],
        "score": 0.05637875944375992
    },
    {
        "name": "232_78_t20201127090211673_CAM1.jpg",
        "position": [
            1200,
            2400
        ],
        "category": "3",
        "bbox": [
            212.85263061523438,
            1.0267186164855957,
            228.74749755859375,
            14.197162628173828
        ],
        "score": 0.20382334291934967
    },
    {
        "name": "232_78_t20201127090211673_CAM1.jpg",
        "position": [
            1200,
            2400
        ],
        "category": "4",
        "bbox": [
            213.1528778076172,
            0.7581629753112793,
            229.14356994628906,
            14.556585311889648
        ],
        "score": 0.13502773642539978
    },
    {
        "name": "232_78_t20201127090211673_CAM1.jpg",
        "position": [
            600,
            3600
        ],
        "category": "2",
        "bbox": [
            605.3272705078125,
            631.7384033203125,
            617.0611572265625,
            639.8565673828125
        ],
        "score": 0.06646331399679184
    },
    {
        "name": "232_78_t20201127090211673_CAM1.jpg",
        "position": [
            1200,
            3600
        ],
        "category": "3",
        "bbox": [
            244.480224609375,
            172.43756103515625,
            260.1907958984375,
            187.35400390625
        ],
        "score": 0.641539454460144
    },
    {
        "name": "232_78_t20201127090211673_CAM1.jpg",
        "position": [
            1200,
            3600
        ],
        "category": "3",
        "bbox": [
            5.453609466552734,
            630.0347290039062,
            16.922887802124023,
            640.0
        ],
        "score": 0.05841546505689621
    },
    {
        "name": "232_78_t20201127090211673_CAM1.jpg",
        "position": [
            1200,
            3600
        ],
        "category": "3",
        "bbox": [
            271.1011962890625,
            326.61553955078125,
            287.7322998046875,
            341.50213623046875
        ],
        "score": 0.050370823591947556
    },
    {
        "name": "232_78_t20201127090211673_CAM1.jpg",
        "position": [
            1200,
            3600
        ],
        "category": "4",
        "bbox": [
            244.80686950683594,
            172.36239624023438,
            260.128173828125,
            187.2047119140625
        ],
        "score": 0.06398700922727585
    },
    {
        "name": "232_78_t20201127090211673_CAM1.jpg",
        "position": [
            4200,
            3600
        ],
        "category": "5",
        "bbox": [
            573.865478515625,
            10.8470458984375,
            640.0,
            193.7172088623047
        ],
        "score": 0.31412091851234436
    },
    {
        "name": "232_78_t20201127090211673_CAM1.jpg",
        "position": [
            4200,
            3600
        ],
        "category": "4",
        "bbox": [
            573.7815551757812,
            0.0,
            637.6387329101562,
            167.09637451171875
        ],
        "score": 0.05431446433067322
    },
    {
        "name": "232_78_t20201127090211673_CAM1.jpg",
        "position": [
            4200,
            3600
        ],
        "category": "6",
        "bbox": [
            572.4729614257812,
            7.662239074707031,
            640.0,
            192.86056518554688
        ],
        "score": 0.06505957990884781
    },
    {
        "name": "232_78_t20201127090211673_CAM1.jpg",
        "position": [
            4800,
            3600
        ],
        "category": "5",
        "bbox": [
            0.0,
            9.132125854492188,
            31.750625610351562,
            177.23243713378906
        ],
        "score": 0.06845348328351974
    },
    {
        "name": "232_78_t20201127090211673_CAM1.jpg",
        "position": [
            4800,
            3600
        ],
        "category": "1",
        "bbox": [
            0.0,
            0.0,
            32.547550201416016,
            168.65713500976562
        ],
        "score": 0.0513470321893692
    },
    {
        "name": "232_78_t20201127090211673_CAM1.jpg",
        "position": [
            3600,
            4200
        ],
        "category": "5",
        "bbox": [
            367.59063720703125,
            266.7603454589844,
            379.684326171875,
            276.9996032714844
        ],
        "score": 0.09466657787561417
    },
    {
        "name": "232_78_t20201127090211673_CAM1.jpg",
        "position": [
            1200,
            4800
        ],
        "category": "3",
        "bbox": [
            172.6173553466797,
            214.43194580078125,
            185.46766662597656,
            226.2198486328125
        ],
        "score": 0.5936806201934814
    },
    {
        "name": "232_78_t20201127090211673_CAM1.jpg",
        "position": [
            1200,
            4800
        ],
        "category": "3",
        "bbox": [
            494.1761474609375,
            157.0756072998047,
            510.45458984375,
            171.1282196044922
        ],
        "score": 0.3280527591705322
    },
    {
        "name": "232_78_t20201127090211673_CAM1.jpg",
        "position": [
            1200,
            4800
        ],
        "category": "4",
        "bbox": [
            172.9124298095703,
            214.30462646484375,
            185.57496643066406,
            226.19302368164062
        ],
        "score": 0.06015173718333244
    },
    {
        "name": "232_78_t20201127090211673_CAM1.jpg",
        "position": [
            1200,
            4800
        ],
        "category": "4",
        "bbox": [
            494.3350524902344,
            156.92506408691406,
            510.6367492675781,
            171.13063049316406
        ],
        "score": 0.1009901836514473
    },
    {
        "name": "232_78_t20201127090211673_CAM1.jpg",
        "position": [
            6000,
            4800
        ],
        "category": "5",
        "bbox": [
            214.07449340820312,
            194.9130401611328,
            226.73455810546875,
            205.7562713623047
        ],
        "score": 0.4436626434326172
    },
    {
        "name": "232_78_t20201127090211673_CAM1.jpg",
        "position": [
            6600,
            4800
        ],
        "category": "2",
        "bbox": [
            6.784243583679199,
            617.6553344726562,
            30.845603942871094,
            633.4484252929688
        ],
        "score": 0.12522153556346893
    },
    {
        "name": "232_78_t20201127090211673_CAM1.jpg",
        "position": [
            6600,
            4800
        ],
        "category": "2",
        "bbox": [
            1.152186393737793,
            620.774169921875,
            25.89453125,
            636.120361328125
        ],
        "score": 0.06513646990060806
    },
    {
        "name": "232_78_t20201127090211673_CAM1.jpg",
        "position": [
            6600,
            4800
        ],
        "category": "2",
        "bbox": [
            10.808971405029297,
            621.6263427734375,
            30.18936538696289,
            637.8504638671875
        ],
        "score": 0.07291465252637863
    },
    {
        "name": "232_78_t20201127090211673_CAM1.jpg",
        "position": [
            6600,
            4800
        ],
        "category": "2",
        "bbox": [
            0.0,
            609.7178344726562,
            35.07097625732422,
            639.6637573242188
        ],
        "score": 0.2881588637828827
    },
    {
        "name": "232_78_t20201127090211673_CAM1.jpg",
        "position": [
            6600,
            4800
        ],
        "category": "2",
        "bbox": [
            0.786442756652832,
            627.6140747070312,
            31.01213836669922,
            639.4409790039062
        ],
        "score": 0.09800755977630615
    },
    {
        "name": "232_78_t20201127090211673_CAM1.jpg",
        "position": [
            1800,
            5400
        ],
        "category": "2",
        "bbox": [
            4.0327911376953125,
            585.3876953125,
            276.3975830078125,
            638.9796142578125
        ],
        "score": 0.06459376215934753
    },
    {
        "name": "232_78_t20201127090211673_CAM1.jpg",
        "position": [
            1800,
            5400
        ],
        "category": "2",
        "bbox": [
            348.69268798828125,
            587.6654663085938,
            636.086669921875,
            638.6807250976562
        ],
        "score": 0.0722200870513916
    },
    {
        "name": "232_78_t20201127090211673_CAM1.jpg",
        "position": [
            2400,
            5400
        ],
        "category": "2",
        "bbox": [
            387.30267333984375,
            587.348876953125,
            640.0,
            637.92578125
        ],
        "score": 0.07805760949850082
    },
    {
        "name": "232_78_t20201127090211673_CAM1.jpg",
        "position": [
            4200,
            5400
        ],
        "category": "2",
        "bbox": [
            624.0758056640625,
            589.5904541015625,
            639.1322021484375,
            603.1165771484375
        ],
        "score": 0.06927885860204697
    },
    {
        "name": "232_78_t20201127090211673_CAM1.jpg",
        "position": [
            4200,
            5400
        ],
        "category": "2",
        "bbox": [
            325.43731689453125,
            592.9388427734375,
            625.8544311523438,
            638.4427490234375
        ],
        "score": 0.05910869315266609
    },
    {
        "name": "232_78_t20201127090211673_CAM1.jpg",
        "position": [
            4800,
            5400
        ],
        "category": "2",
        "bbox": [
            6.428131103515625,
            589.1926879882812,
            298.2235412597656,
            638.7199096679688
        ],
        "score": 0.07536400854587555
    },
    {
        "name": "232_78_t20201127090211673_CAM1.jpg",
        "position": [
            5400,
            5400
        ],
        "category": "2",
        "bbox": [
            392.6694030761719,
            585.2844848632812,
            640.0,
            638.1006469726562
        ],
        "score": 0.08100409060716629
    },
    {
        "name": "232_78_t20201127090211673_CAM1.jpg",
        "position": [
            5400,
            5400
        ],
        "category": "2",
        "bbox": [
            362.7216796875,
            566.752685546875,
            640.0,
            615.241455078125
        ],
        "score": 0.05148651450872421
    },
    {
        "name": "232_78_t20201127090211673_CAM1.jpg",
        "position": [
            6000,
            5400
        ],
        "category": "2",
        "bbox": [
            624.6012573242188,
            0.6386213302612305,
            639.9545288085938,
            28.61092758178711
        ],
        "score": 0.10811056941747665
    },
    {
        "name": "232_78_t20201127090211673_CAM1.jpg",
        "position": [
            6000,
            5400
        ],
        "category": "2",
        "bbox": [
            17.294021606445312,
            586.6395874023438,
            284.884033203125,
            638.5794067382812
        ],
        "score": 0.05990961939096451
    },
    {
        "name": "232_78_t20201127090211673_CAM1.jpg",
        "position": [
            6000,
            5400
        ],
        "category": "2",
        "bbox": [
            383.7255554199219,
            587.94384765625,
            640.0,
            637.8714599609375
        ],
        "score": 0.08231891691684723
    },
    {
        "name": "232_78_t20201127090211673_CAM1.jpg",
        "position": [
            6600,
            5400
        ],
        "category": "2",
        "bbox": [
            16.681324005126953,
            3.409088134765625,
            38.53569793701172,
            26.491741180419922
        ],
        "score": 0.1579466015100479
    },
    {
        "name": "232_78_t20201127090211673_CAM1.jpg",
        "position": [
            6600,
            5400
        ],
        "category": "2",
        "bbox": [
            1.6882686614990234,
            11.433355331420898,
            36.35076141357422,
            28.2951602935791
        ],
        "score": 0.07052970677614212
    },
    {
        "name": "232_78_t20201127090211673_CAM1.jpg",
        "position": [
            6600,
            5400
        ],
        "category": "2",
        "bbox": [
            0.0,
            1.8968420028686523,
            42.07292556762695,
            30.423690795898438
        ],
        "score": 0.2427869439125061
    }
]