[
    {
        "name": "232_7_t20201127083656394_CAM1.jpg",
        "position": [
            0,
            0
        ],
        "category": "2",
        "bbox": [
            608.075927734375,
            182.78050231933594,
            635.692626953125,
            198.54518127441406
        ],
        "score": 0.2732360363006592
    },
    {
        "name": "232_7_t20201127083656394_CAM1.jpg",
        "position": [
            0,
            0
        ],
        "category": "2",
        "bbox": [
            513.6255493164062,
            464.5276794433594,
            540.9675903320312,
            479.9383239746094
        ],
        "score": 0.06072302162647247
    },
    {
        "name": "232_7_t20201127083656394_CAM1.jpg",
        "position": [
            600,
            0
        ],
        "category": "2",
        "bbox": [
            8.801759719848633,
            182.2436065673828,
            34.5081787109375,
            197.98191833496094
        ],
        "score": 0.4159036874771118
    },
    {
        "name": "232_7_t20201127083656394_CAM1.jpg",
        "position": [
            4200,
            0
        ],
        "category": "3",
        "bbox": [
            539.63720703125,
            585.19580078125,
            551.9566650390625,
            597.1180419921875
        ],
        "score": 0.058153185993433
    },
    {
        "name": "232_7_t20201127083656394_CAM1.jpg",
        "position": [
            600,
            600
        ],
        "category": "2",
        "bbox": [
            629.2793579101562,
            219.48663330078125,
            639.9423217773438,
            284.6475830078125
        ],
        "score": 0.055521249771118164
    },
    {
        "name": "232_7_t20201127083656394_CAM1.jpg",
        "position": [
            4800,
            1200
        ],
        "category": "4",
        "bbox": [
            334.1374816894531,
            36.05224609375,
            352.3161926269531,
            97.75044250488281
        ],
        "score": 0.051245205104351044
    },
    {
        "name": "232_7_t20201127083656394_CAM1.jpg",
        "position": [
            6000,
            1200
        ],
        "category": "4",
        "bbox": [
            262.3714599609375,
            572.0299682617188,
            304.3623046875,
            588.2562866210938
        ],
        "score": 0.15059685707092285
    },
    {
        "name": "232_7_t20201127083656394_CAM1.jpg",
        "position": [
            6000,
            1800
        ],
        "category": "3",
        "bbox": [
            456.2074890136719,
            479.2732238769531,
            469.5939636230469,
            493.3902282714844
        ],
        "score": 0.877587616443634
    },
    {
        "name": "232_7_t20201127083656394_CAM1.jpg",
        "position": [
            6000,
            1800
        ],
        "category": "3",
        "bbox": [
            589.34814453125,
            92.37197875976562,
            602.0294189453125,
            104.01420593261719
        ],
        "score": 0.10327693074941635
    },
    {
        "name": "232_7_t20201127083656394_CAM1.jpg",
        "position": [
            4200,
            2400
        ],
        "category": "5",
        "bbox": [
            439.4213562011719,
            519.366943359375,
            457.1603698730469,
            541.1453857421875
        ],
        "score": 0.1055249273777008
    },
    {
        "name": "232_7_t20201127083656394_CAM1.jpg",
        "position": [
            4200,
            2400
        ],
        "category": "5",
        "bbox": [
            439.186767578125,
            517.1842041015625,
            460.09814453125,
            554.672119140625
        ],
        "score": 0.5505339503288269
    },
    {
        "name": "232_7_t20201127083656394_CAM1.jpg",
        "position": [
            4200,
            2400
        ],
        "category": "4",
        "bbox": [
            23.46445083618164,
            580.8675537109375,
            79.46853637695312,
            625.4737548828125
        ],
        "score": 0.8309732675552368
    },
    {
        "name": "232_7_t20201127083656394_CAM1.jpg",
        "position": [
            4200,
            2400
        ],
        "category": "4",
        "bbox": [
            33.25508117675781,
            584.2949829101562,
            72.2739486694336,
            612.1776733398438
        ],
        "score": 0.05277930945158005
    },
    {
        "name": "232_7_t20201127083656394_CAM1.jpg",
        "position": [
            4200,
            2400
        ],
        "category": "4",
        "bbox": [
            16.752262115478516,
            577.1571044921875,
            107.22308349609375,
            638.542724609375
        ],
        "score": 0.05978115648031235
    },
    {
        "name": "232_7_t20201127083656394_CAM1.jpg",
        "position": [
            4200,
            2400
        ],
        "category": "6",
        "bbox": [
            10.054012298583984,
            574.0966796875,
            88.36372375488281,
            636.9617919921875
        ],
        "score": 0.055356040596961975
    },
    {
        "name": "232_7_t20201127083656394_CAM1.jpg",
        "position": [
            5400,
            2400
        ],
        "category": "5",
        "bbox": [
            288.4648132324219,
            311.4704895019531,
            299.6036682128906,
            322.4618225097656
        ],
        "score": 0.9316678643226624
    },
    {
        "name": "232_7_t20201127083656394_CAM1.jpg",
        "position": [
            5400,
            2400
        ],
        "category": "5",
        "bbox": [
            557.8299560546875,
            166.54197692871094,
            571.2252197265625,
            177.70396423339844
        ],
        "score": 0.1107400581240654
    },
    {
        "name": "232_7_t20201127083656394_CAM1.jpg",
        "position": [
            6000,
            2400
        ],
        "category": "5",
        "bbox": [
            409.2069091796875,
            243.2527313232422,
            420.828857421875,
            253.79188537597656
        ],
        "score": 0.6691502332687378
    },
    {
        "name": "232_7_t20201127083656394_CAM1.jpg",
        "position": [
            2400,
            3000
        ],
        "category": "5",
        "bbox": [
            322.5185852050781,
            404.47314453125,
            334.4001159667969,
            414.59674072265625
        ],
        "score": 0.7686576843261719
    },
    {
        "name": "232_7_t20201127083656394_CAM1.jpg",
        "position": [
            5400,
            3000
        ],
        "category": "5",
        "bbox": [
            623.5481567382812,
            246.1019744873047,
            633.4609985351562,
            256.2139892578125
        ],
        "score": 0.12505312263965607
    },
    {
        "name": "232_7_t20201127083656394_CAM1.jpg",
        "position": [
            6000,
            3000
        ],
        "category": "5",
        "bbox": [
            22.595966339111328,
            246.46612548828125,
            33.971778869628906,
            256.987548828125
        ],
        "score": 0.07106776535511017
    },
    {
        "name": "232_7_t20201127083656394_CAM1.jpg",
        "position": [
            6000,
            3000
        ],
        "category": "3",
        "bbox": [
            494.1473388671875,
            466.7441711425781,
            507.33697509765625,
            478.8736877441406
        ],
        "score": 0.06778780370950699
    },
    {
        "name": "232_7_t20201127083656394_CAM1.jpg",
        "position": [
            5400,
            3600
        ],
        "category": "5",
        "bbox": [
            52.216575622558594,
            584.346435546875,
            63.532020568847656,
            595.3902587890625
        ],
        "score": 0.8582301735877991
    },
    {
        "name": "232_7_t20201127083656394_CAM1.jpg",
        "position": [
            6000,
            3600
        ],
        "category": "3",
        "bbox": [
            472.7589416503906,
            109.98753356933594,
            487.5894470214844,
            121.39402770996094
        ],
        "score": 0.05770736560225487
    },
    {
        "name": "232_7_t20201127083656394_CAM1.jpg",
        "position": [
            2400,
            4200
        ],
        "category": "4",
        "bbox": [
            0.0,
            1.9949188232421875,
            28.929996490478516,
            128.671630859375
        ],
        "score": 0.07015138119459152
    },
    {
        "name": "232_7_t20201127083656394_CAM1.jpg",
        "position": [
            6000,
            4200
        ],
        "category": "5",
        "bbox": [
            456.0699157714844,
            62.00541305541992,
            468.6207580566406,
            72.77731323242188
        ],
        "score": 0.2350422441959381
    },
    {
        "name": "232_7_t20201127083656394_CAM1.jpg",
        "position": [
            1200,
            4800
        ],
        "category": "1",
        "bbox": [
            191.98272705078125,
            352.8533935546875,
            332.712646484375,
            533.022705078125
        ],
        "score": 0.9300014972686768
    },
    {
        "name": "232_7_t20201127083656394_CAM1.jpg",
        "position": [
            1200,
            4800
        ],
        "category": "1",
        "bbox": [
            215.4493408203125,
            338.862548828125,
            371.17291259765625,
            606.2568359375
        ],
        "score": 0.05639740079641342
    },
    {
        "name": "232_7_t20201127083656394_CAM1.jpg",
        "position": [
            1200,
            4800
        ],
        "category": "2",
        "bbox": [
            194.41737365722656,
            346.08782958984375,
            356.21575927734375,
            609.6480102539062
        ],
        "score": 0.2118862271308899
    },
    {
        "name": "232_7_t20201127083656394_CAM1.jpg",
        "position": [
            1200,
            4800
        ],
        "category": "2",
        "bbox": [
            234.14479064941406,
            342.7716979980469,
            427.59686279296875,
            637.8336181640625
        ],
        "score": 0.06752055138349533
    },
    {
        "name": "232_7_t20201127083656394_CAM1.jpg",
        "position": [
            1800,
            4800
        ],
        "category": "4",
        "bbox": [
            546.677490234375,
            0.0,
            640.0,
            72.6163330078125
        ],
        "score": 0.06463062018156052
    },
    {
        "name": "232_7_t20201127083656394_CAM1.jpg",
        "position": [
            3000,
            4800
        ],
        "category": "3",
        "bbox": [
            248.43515014648438,
            409.0077209472656,
            260.4520568847656,
            420.7738342285156
        ],
        "score": 0.2240031510591507
    },
    {
        "name": "232_7_t20201127083656394_CAM1.jpg",
        "position": [
            3000,
            4800
        ],
        "category": "3",
        "bbox": [
            116.66869354248047,
            580.3978271484375,
            128.3122100830078,
            593.047119140625
        ],
        "score": 0.38529548048973083
    },
    {
        "name": "232_7_t20201127083656394_CAM1.jpg",
        "position": [
            3000,
            4800
        ],
        "category": "4",
        "bbox": [
            248.56736755371094,
            408.80889892578125,
            260.5673828125,
            420.868408203125
        ],
        "score": 0.07257814705371857
    },
    {
        "name": "232_7_t20201127083656394_CAM1.jpg",
        "position": [
            2400,
            5400
        ],
        "category": "2",
        "bbox": [
            401.88226318359375,
            586.1015014648438,
            640.0,
            638.2072143554688
        ],
        "score": 0.06266164034605026
    },
    {
        "name": "232_7_t20201127083656394_CAM1.jpg",
        "position": [
            3000,
            5400
        ],
        "category": "2",
        "bbox": [
            378.15118408203125,
            588.4302368164062,
            640.0,
            638.0108032226562
        ],
        "score": 0.062006596475839615
    },
    {
        "name": "232_7_t20201127083656394_CAM1.jpg",
        "position": [
            3000,
            5400
        ],
        "category": "2",
        "bbox": [
            108.26747131347656,
            588.0639038085938,
            389.58050537109375,
            638.8014526367188
        ],
        "score": 0.051435913890600204
    },
    {
        "name": "232_7_t20201127083656394_CAM1.jpg",
        "position": [
            3600,
            5400
        ],
        "category": "2",
        "bbox": [
            27.608474731445312,
            587.5845947265625,
            302.44683837890625,
            638.6932373046875
        ],
        "score": 0.052733007818460464
    },
    {
        "name": "232_7_t20201127083656394_CAM1.jpg",
        "position": [
            4200,
            5400
        ],
        "category": "2",
        "bbox": [
            626.8101806640625,
            589.8424682617188,
            639.9693603515625,
            606.2857055664062
        ],
        "score": 0.050438374280929565
    },
    {
        "name": "232_7_t20201127083656394_CAM1.jpg",
        "position": [
            6000,
            5400
        ],
        "category": "1",
        "bbox": [
            590.5381469726562,
            155.66038513183594,
            640.0,
            182.0856170654297
        ],
        "score": 0.12360954284667969
    },
    {
        "name": "232_7_t20201127083656394_CAM1.jpg",
        "position": [
            6000,
            5400
        ],
        "category": "2",
        "bbox": [
            594.5556030273438,
            152.23719787597656,
            640.0,
            186.88768005371094
        ],
        "score": 0.7119927406311035
    },
    {
        "name": "232_7_t20201127083656394_CAM1.jpg",
        "position": [
            6600,
            5400
        ],
        "category": "2",
        "bbox": [
            0.0,
            156.34039306640625,
            54.28917694091797,
            184.96878051757812
        ],
        "score": 0.9357934594154358
    }
]