[
    {
        "name": "232_76_t20201127090134456_CAM3.jpg",
        "position": [
            1200,
            0
        ],
        "category": "2",
        "bbox": [
            230.90365600585938,
            430.0192565917969,
            257.1995544433594,
            446.9329528808594
        ],
        "score": 0.42584943771362305
    },
    {
        "name": "232_76_t20201127090134456_CAM3.jpg",
        "position": [
            1800,
            0
        ],
        "category": "2",
        "bbox": [
            599.9533081054688,
            270.1308288574219,
            637.9871215820312,
            289.3110656738281
        ],
        "score": 0.0680198222398758
    },
    {
        "name": "232_76_t20201127090134456_CAM3.jpg",
        "position": [
            0,
            600
        ],
        "category": "2",
        "bbox": [
            538.8748779296875,
            216.69772338867188,
            561.8125,
            300.3587341308594
        ],
        "score": 0.9136496186256409
    },
    {
        "name": "232_76_t20201127090134456_CAM3.jpg",
        "position": [
            0,
            600
        ],
        "category": "2",
        "bbox": [
            545.3176879882812,
            218.15280151367188,
            564.7650756835938,
            281.037841796875
        ],
        "score": 0.06799761205911636
    },
    {
        "name": "232_76_t20201127090134456_CAM3.jpg",
        "position": [
            1800,
            600
        ],
        "category": "5",
        "bbox": [
            39.23002624511719,
            547.5914916992188,
            49.78301239013672,
            559.0339965820312
        ],
        "score": 0.8934590816497803
    },
    {
        "name": "232_76_t20201127090134456_CAM3.jpg",
        "position": [
            2400,
            600
        ],
        "category": "5",
        "bbox": [
            446.8250427246094,
            460.62548828125,
            459.1492614746094,
            472.41851806640625
        ],
        "score": 0.051629967987537384
    },
    {
        "name": "232_76_t20201127090134456_CAM3.jpg",
        "position": [
            600,
            1200
        ],
        "category": "5",
        "bbox": [
            325.2974853515625,
            418.6539306640625,
            347.3955078125,
            462.34295654296875
        ],
        "score": 0.5255007743835449
    },
    {
        "name": "232_76_t20201127090134456_CAM3.jpg",
        "position": [
            1800,
            1200
        ],
        "category": "5",
        "bbox": [
            413.10345458984375,
            107.02357482910156,
            424.920654296875,
            119.08601379394531
        ],
        "score": 0.9185795187950134
    },
    {
        "name": "232_76_t20201127090134456_CAM3.jpg",
        "position": [
            1800,
            1200
        ],
        "category": "5",
        "bbox": [
            555.2469482421875,
            631.5941162109375,
            568.83935546875,
            640.0
        ],
        "score": 0.17716674506664276
    },
    {
        "name": "232_76_t20201127090134456_CAM3.jpg",
        "position": [
            3000,
            1200
        ],
        "category": "5",
        "bbox": [
            615.5910034179688,
            446.7610778808594,
            624.2037963867188,
            456.5719299316406
        ],
        "score": 0.08909745514392853
    },
    {
        "name": "232_76_t20201127090134456_CAM3.jpg",
        "position": [
            1200,
            1800
        ],
        "category": "3",
        "bbox": [
            227.29896545410156,
            185.48239135742188,
            244.7703094482422,
            205.50900268554688
        ],
        "score": 0.15154334902763367
    },
    {
        "name": "232_76_t20201127090134456_CAM3.jpg",
        "position": [
            1200,
            1800
        ],
        "category": "3",
        "bbox": [
            234.6840362548828,
            388.94989013671875,
            251.0619354248047,
            406.1085205078125
        ],
        "score": 0.10589110106229782
    },
    {
        "name": "232_76_t20201127090134456_CAM3.jpg",
        "position": [
            1200,
            1800
        ],
        "category": "4",
        "bbox": [
            227.5032501220703,
            185.15870666503906,
            245.36805725097656,
            206.47401428222656
        ],
        "score": 0.6243337988853455
    },
    {
        "name": "232_76_t20201127090134456_CAM3.jpg",
        "position": [
            1200,
            1800
        ],
        "category": "4",
        "bbox": [
            234.90895080566406,
            388.7161560058594,
            251.57518005371094,
            406.4898986816406
        ],
        "score": 0.12473366409540176
    },
    {
        "name": "232_76_t20201127090134456_CAM3.jpg",
        "position": [
            1800,
            1800
        ],
        "category": "5",
        "bbox": [
            555.6131591796875,
            34.03488540649414,
            567.7562255859375,
            45.59102249145508
        ],
        "score": 0.873198390007019
    },
    {
        "name": "232_76_t20201127090134456_CAM3.jpg",
        "position": [
            1200,
            2400
        ],
        "category": "3",
        "bbox": [
            222.7177276611328,
            39.390419006347656,
            237.76853942871094,
            55.57484436035156
        ],
        "score": 0.07548865675926208
    },
    {
        "name": "232_76_t20201127090134456_CAM3.jpg",
        "position": [
            3000,
            3000
        ],
        "category": "5",
        "bbox": [
            330.2700500488281,
            111.35359954833984,
            339.2806091308594,
            124.67105865478516
        ],
        "score": 0.3475048243999481
    }
]