[
    {
        "name": "232_77_t20201127090155928_CAM3.jpg",
        "position": [
            0,
            600
        ],
        "category": "2",
        "bbox": [
            624.0800170898438,
            159.3634033203125,
            639.9620971679688,
            173.22341918945312
        ],
        "score": 0.2528042495250702
    },
    {
        "name": "232_77_t20201127090155928_CAM3.jpg",
        "position": [
            1200,
            600
        ],
        "category": "3",
        "bbox": [
            233.95887756347656,
            288.7361145019531,
            252.14622497558594,
            311.3318786621094
        ],
        "score": 0.17511211335659027
    },
    {
        "name": "232_77_t20201127090155928_CAM3.jpg",
        "position": [
            1200,
            600
        ],
        "category": "3",
        "bbox": [
            231.03659057617188,
            321.9200439453125,
            246.24737548828125,
            346.4456787109375
        ],
        "score": 0.06549650430679321
    },
    {
        "name": "232_77_t20201127090155928_CAM3.jpg",
        "position": [
            1200,
            600
        ],
        "category": "3",
        "bbox": [
            232.92361450195312,
            283.54364013671875,
            250.19485473632812,
            344.00189208984375
        ],
        "score": 0.05162835866212845
    },
    {
        "name": "232_77_t20201127090155928_CAM3.jpg",
        "position": [
            1200,
            600
        ],
        "category": "4",
        "bbox": [
            234.32069396972656,
            288.889404296875,
            252.42884826660156,
            313.28076171875
        ],
        "score": 0.6202158331871033
    },
    {
        "name": "232_77_t20201127090155928_CAM3.jpg",
        "position": [
            1200,
            600
        ],
        "category": "4",
        "bbox": [
            231.24293518066406,
            319.7991943359375,
            246.80198669433594,
            346.65509033203125
        ],
        "score": 0.20706522464752197
    },
    {
        "name": "232_77_t20201127090155928_CAM3.jpg",
        "position": [
            1200,
            600
        ],
        "category": "4",
        "bbox": [
            232.71031188964844,
            284.46954345703125,
            250.86146545410156,
            348.98638916015625
        ],
        "score": 0.1724918782711029
    },
    {
        "name": "232_77_t20201127090155928_CAM3.jpg",
        "position": [
            2400,
            600
        ],
        "category": "5",
        "bbox": [
            305.2884826660156,
            262.1874084472656,
            319.2108459472656,
            276.4355773925781
        ],
        "score": 0.9491848349571228
    },
    {
        "name": "232_77_t20201127090155928_CAM3.jpg",
        "position": [
            3000,
            600
        ],
        "category": "5",
        "bbox": [
            30.80219268798828,
            530.0564575195312,
            49.57362365722656,
            569.6629028320312
        ],
        "score": 0.10264778882265091
    },
    {
        "name": "232_77_t20201127090155928_CAM3.jpg",
        "position": [
            600,
            1200
        ],
        "category": "5",
        "bbox": [
            353.3607482910156,
            295.677490234375,
            381.7237854003906,
            319.9423828125
        ],
        "score": 0.9313921928405762
    },
    {
        "name": "232_77_t20201127090155928_CAM3.jpg",
        "position": [
            600,
            1200
        ],
        "category": "5",
        "bbox": [
            290.33349609375,
            338.40692138671875,
            315.2803955078125,
            352.34466552734375
        ],
        "score": 0.08267568051815033
    },
    {
        "name": "232_77_t20201127090155928_CAM3.jpg",
        "position": [
            1200,
            1200
        ],
        "category": "3",
        "bbox": [
            223.46945190429688,
            165.40274047851562,
            239.37252807617188,
            186.02645874023438
        ],
        "score": 0.08627355098724365
    },
    {
        "name": "232_77_t20201127090155928_CAM3.jpg",
        "position": [
            1200,
            1200
        ],
        "category": "3",
        "bbox": [
            225.4921875,
            126.77776336669922,
            239.27023315429688,
            145.81736755371094
        ],
        "score": 0.06335554271936417
    },
    {
        "name": "232_77_t20201127090155928_CAM3.jpg",
        "position": [
            1200,
            1200
        ],
        "category": "4",
        "bbox": [
            223.75791931152344,
            164.1226806640625,
            239.8746795654297,
            185.89263916015625
        ],
        "score": 0.27010542154312134
    },
    {
        "name": "232_77_t20201127090155928_CAM3.jpg",
        "position": [
            1200,
            1200
        ],
        "category": "4",
        "bbox": [
            225.55184936523438,
            126.54875183105469,
            239.6746826171875,
            147.12794494628906
        ],
        "score": 0.7070769667625427
    },
    {
        "name": "232_77_t20201127090155928_CAM3.jpg",
        "position": [
            600,
            1800
        ],
        "category": "5",
        "bbox": [
            222.29298400878906,
            443.29217529296875,
            234.7481231689453,
            455.8812255859375
        ],
        "score": 0.9318331480026245
    },
    {
        "name": "232_77_t20201127090155928_CAM3.jpg",
        "position": [
            1200,
            1800
        ],
        "category": "5",
        "bbox": [
            93.63877868652344,
            600.1017456054688,
            113.81184387207031,
            640.0
        ],
        "score": 0.07996458560228348
    },
    {
        "name": "232_77_t20201127090155928_CAM3.jpg",
        "position": [
            1200,
            1800
        ],
        "category": "3",
        "bbox": [
            188.16505432128906,
            145.54779052734375,
            204.6189727783203,
            161.26278686523438
        ],
        "score": 0.22457370162010193
    },
    {
        "name": "232_77_t20201127090155928_CAM3.jpg",
        "position": [
            1200,
            1800
        ],
        "category": "4",
        "bbox": [
            188.59799194335938,
            145.35011291503906,
            204.9761962890625,
            161.5437774658203
        ],
        "score": 0.14930298924446106
    },
    {
        "name": "232_77_t20201127090155928_CAM3.jpg",
        "position": [
            2400,
            1800
        ],
        "category": "5",
        "bbox": [
            38.67157745361328,
            502.1479797363281,
            64.99700164794922,
            575.7525634765625
        ],
        "score": 0.08923427015542984
    },
    {
        "name": "232_77_t20201127090155928_CAM3.jpg",
        "position": [
            1200,
            2400
        ],
        "category": "5",
        "bbox": [
            93.92467498779297,
            4.717397689819336,
            114.05652618408203,
            48.948822021484375
        ],
        "score": 0.20334501564502716
    },
    {
        "name": "232_77_t20201127090155928_CAM3.jpg",
        "position": [
            1200,
            2400
        ],
        "category": "3",
        "bbox": [
            199.82110595703125,
            237.61227416992188,
            219.24761962890625,
            254.99649047851562
        ],
        "score": 0.07656437903642654
    },
    {
        "name": "232_77_t20201127090155928_CAM3.jpg",
        "position": [
            1200,
            2400
        ],
        "category": "4",
        "bbox": [
            200.08169555664062,
            237.5855255126953,
            219.6966552734375,
            255.93357849121094
        ],
        "score": 0.6732702255249023
    },
    {
        "name": "232_77_t20201127090155928_CAM3.jpg",
        "position": [
            1200,
            2400
        ],
        "category": "4",
        "bbox": [
            209.55674743652344,
            572.4618530273438,
            223.4656524658203,
            589.9854125976562
        ],
        "score": 0.08183939009904861
    },
    {
        "name": "232_77_t20201127090155928_CAM3.jpg",
        "position": [
            2400,
            2400
        ],
        "category": "5",
        "bbox": [
            571.615234375,
            0.0,
            594.538330078125,
            35.784324645996094
        ],
        "score": 0.05407778546214104
    },
    {
        "name": "232_77_t20201127090155928_CAM3.jpg",
        "position": [
            3600,
            2400
        ],
        "category": "5",
        "bbox": [
            461.0908203125,
            198.40603637695312,
            473.0587158203125,
            209.78829956054688
        ],
        "score": 0.06490924209356308
    },
    {
        "name": "232_77_t20201127090155928_CAM3.jpg",
        "position": [
            3600,
            2400
        ],
        "category": "5",
        "bbox": [
            454.04547119140625,
            518.297119140625,
            465.06915283203125,
            529.7293701171875
        ],
        "score": 0.07664137333631516
    },
    {
        "name": "232_77_t20201127090155928_CAM3.jpg",
        "position": [
            0,
            3000
        ],
        "category": "2",
        "bbox": [
            624.8627319335938,
            247.69859313964844,
            638.0534057617188,
            261.52349853515625
        ],
        "score": 0.1381833404302597
    },
    {
        "name": "232_77_t20201127090155928_CAM3.jpg",
        "position": [
            600,
            3000
        ],
        "category": "5",
        "bbox": [
            501.7132263183594,
            204.71487426757812,
            513.4074096679688,
            215.23397827148438
        ],
        "score": 0.8726803660392761
    },
    {
        "name": "232_77_t20201127090155928_CAM3.jpg",
        "position": [
            600,
            3000
        ],
        "category": "5",
        "bbox": [
            590.3505859375,
            53.292518615722656,
            608.407958984375,
            73.7309799194336
        ],
        "score": 0.39353787899017334
    },
    {
        "name": "232_77_t20201127090155928_CAM3.jpg",
        "position": [
            1200,
            3000
        ],
        "category": "5",
        "bbox": [
            0.0,
            55.524444580078125,
            5.7487993240356445,
            73.26908874511719
        ],
        "score": 0.6129333972930908
    },
    {
        "name": "232_77_t20201127090155928_CAM3.jpg",
        "position": [
            1200,
            3000
        ],
        "category": "5",
        "bbox": [
            0.0,
            49.516761779785156,
            10.271378517150879,
            83.89196014404297
        ],
        "score": 0.29436972737312317
    },
    {
        "name": "232_77_t20201127090155928_CAM3.jpg",
        "position": [
            1200,
            3000
        ],
        "category": "4",
        "bbox": [
            215.32118225097656,
            15.690081596374512,
            238.18116760253906,
            31.80783462524414
        ],
        "score": 0.06030736863613129
    },
    {
        "name": "232_77_t20201127090155928_CAM3.jpg",
        "position": [
            3000,
            3000
        ],
        "category": "5",
        "bbox": [
            606.6737060546875,
            390.6171569824219,
            618.11767578125,
            401.6761779785156
        ],
        "score": 0.14563331007957458
    }
]