[
    {
        "name": "232_70_t20201127085955329_CAM2.jpg",
        "position": [
            6600,
            0
        ],
        "category": "2",
        "bbox": [
            0.0,
            431.5804748535156,
            12.057443618774414,
            447.1063537597656
        ],
        "score": 0.43427911400794983
    },
    {
        "name": "232_70_t20201127085955329_CAM2.jpg",
        "position": [
            1800,
            600
        ],
        "category": "5",
        "bbox": [
            553.2474365234375,
            532.4009399414062,
            569.2138671875,
            544.8400268554688
        ],
        "score": 0.08485545217990875
    },
    {
        "name": "232_70_t20201127085955329_CAM2.jpg",
        "position": [
            4200,
            600
        ],
        "category": "5",
        "bbox": [
            38.191593170166016,
            331.6730041503906,
            50.529422760009766,
            342.3319396972656
        ],
        "score": 0.5219017863273621
    },
    {
        "name": "232_70_t20201127085955329_CAM2.jpg",
        "position": [
            0,
            1200
        ],
        "category": "5",
        "bbox": [
            10.578420639038086,
            613.5845947265625,
            23.796476364135742,
            625.3310546875
        ],
        "score": 0.07013727724552155
    },
    {
        "name": "232_70_t20201127085955329_CAM2.jpg",
        "position": [
            1800,
            1800
        ],
        "category": "3",
        "bbox": [
            356.29754638671875,
            580.4248046875,
            368.67205810546875,
            592.4283447265625
        ],
        "score": 0.11920389533042908
    },
    {
        "name": "232_70_t20201127085955329_CAM2.jpg",
        "position": [
            4200,
            1800
        ],
        "category": "5",
        "bbox": [
            495.1918029785156,
            357.3616638183594,
            506.7022399902344,
            367.4999084472656
        ],
        "score": 0.25234565138816833
    },
    {
        "name": "232_70_t20201127085955329_CAM2.jpg",
        "position": [
            6000,
            1800
        ],
        "category": "5",
        "bbox": [
            186.350341796875,
            151.62510681152344,
            197.32720947265625,
            161.6874542236328
        ],
        "score": 0.9072547554969788
    },
    {
        "name": "232_70_t20201127085955329_CAM2.jpg",
        "position": [
            6000,
            1800
        ],
        "category": "5",
        "bbox": [
            68.76619720458984,
            171.49545288085938,
            83.50080108642578,
            182.14791870117188
        ],
        "score": 0.07752739638090134
    },
    {
        "name": "232_70_t20201127085955329_CAM2.jpg",
        "position": [
            6000,
            2400
        ],
        "category": "5",
        "bbox": [
            479.29986572265625,
            169.82199096679688,
            490.67962646484375,
            180.063232421875
        ],
        "score": 0.8162118196487427
    },
    {
        "name": "232_70_t20201127085955329_CAM2.jpg",
        "position": [
            6000,
            2400
        ],
        "category": "5",
        "bbox": [
            502.0723571777344,
            308.39398193359375,
            526.8488159179688,
            344.13629150390625
        ],
        "score": 0.20123504102230072
    },
    {
        "name": "232_70_t20201127085955329_CAM2.jpg",
        "position": [
            6000,
            2400
        ],
        "category": "5",
        "bbox": [
            466.0354309082031,
            273.33447265625,
            508.1481628417969,
            320.85882568359375
        ],
        "score": 0.9832058548927307
    },
    {
        "name": "232_70_t20201127085955329_CAM2.jpg",
        "position": [
            6000,
            2400
        ],
        "category": "5",
        "bbox": [
            294.3773498535156,
            268.4557189941406,
            337.5565490722656,
            308.6430358886719
        ],
        "score": 0.7810208797454834
    },
    {
        "name": "232_70_t20201127085955329_CAM2.jpg",
        "position": [
            6000,
            2400
        ],
        "category": "5",
        "bbox": [
            465.29095458984375,
            269.0216064453125,
            525.741455078125,
            342.578857421875
        ],
        "score": 0.49300694465637207
    },
    {
        "name": "232_70_t20201127085955329_CAM2.jpg",
        "position": [
            6000,
            2400
        ],
        "category": "4",
        "bbox": [
            292.2891845703125,
            269.67413330078125,
            339.2677001953125,
            309.965087890625
        ],
        "score": 0.29416194558143616
    },
    {
        "name": "232_70_t20201127085955329_CAM2.jpg",
        "position": [
            2400,
            3000
        ],
        "category": "5",
        "bbox": [
            454.9466857910156,
            530.2487182617188,
            467.0184631347656,
            540.9325561523438
        ],
        "score": 0.4613442122936249
    },
    {
        "name": "232_70_t20201127085955329_CAM2.jpg",
        "position": [
            2400,
            3000
        ],
        "category": "5",
        "bbox": [
            124.10340881347656,
            81.9373550415039,
            136.1668243408203,
            91.75202178955078
        ],
        "score": 0.06502670794725418
    },
    {
        "name": "232_70_t20201127085955329_CAM2.jpg",
        "position": [
            3600,
            3000
        ],
        "category": "5",
        "bbox": [
            124.83930969238281,
            412.451171875,
            137.12965393066406,
            423.9808349609375
        ],
        "score": 0.08779831230640411
    },
    {
        "name": "232_70_t20201127085955329_CAM2.jpg",
        "position": [
            6000,
            3000
        ],
        "category": "5",
        "bbox": [
            471.9482421875,
            471.36236572265625,
            484.5718994140625,
            482.61431884765625
        ],
        "score": 0.9137091040611267
    },
    {
        "name": "232_70_t20201127085955329_CAM2.jpg",
        "position": [
            6000,
            3000
        ],
        "category": "5",
        "bbox": [
            612.8533935546875,
            576.1939086914062,
            624.52734375,
            586.1576538085938
        ],
        "score": 0.09242197126150131
    },
    {
        "name": "232_70_t20201127085955329_CAM2.jpg",
        "position": [
            6600,
            3000
        ],
        "category": "5",
        "bbox": [
            13.012151718139648,
            575.7664184570312,
            24.563993453979492,
            585.7405395507812
        ],
        "score": 0.05381535366177559
    },
    {
        "name": "232_70_t20201127085955329_CAM2.jpg",
        "position": [
            5400,
            3600
        ],
        "category": "5",
        "bbox": [
            631.5570068359375,
            359.6508483886719,
            639.51708984375,
            369.6991271972656
        ],
        "score": 0.08567482233047485
    },
    {
        "name": "232_70_t20201127085955329_CAM2.jpg",
        "position": [
            3000,
            4200
        ],
        "category": "5",
        "bbox": [
            177.6141357421875,
            285.195068359375,
            190.14590454101562,
            295.605712890625
        ],
        "score": 0.7850394248962402
    },
    {
        "name": "232_70_t20201127085955329_CAM2.jpg",
        "position": [
            6000,
            4200
        ],
        "category": "5",
        "bbox": [
            619.4566650390625,
            556.8824462890625,
            630.587646484375,
            566.971435546875
        ],
        "score": 0.09674165397882462
    },
    {
        "name": "232_70_t20201127085955329_CAM2.jpg",
        "position": [
            6600,
            4200
        ],
        "category": "5",
        "bbox": [
            19.27788543701172,
            556.6267700195312,
            31.01514434814453,
            566.7810668945312
        ],
        "score": 0.060647159814834595
    },
    {
        "name": "232_70_t20201127085955329_CAM2.jpg",
        "position": [
            3000,
            4800
        ],
        "category": "5",
        "bbox": [
            534.976806640625,
            447.5724792480469,
            548.63623046875,
            458.3315734863281
        ],
        "score": 0.31243157386779785
    },
    {
        "name": "232_70_t20201127085955329_CAM2.jpg",
        "position": [
            3000,
            4800
        ],
        "category": "5",
        "bbox": [
            283.851318359375,
            500.17010498046875,
            296.72442626953125,
            510.86395263671875
        ],
        "score": 0.09065204858779907
    },
    {
        "name": "232_70_t20201127085955329_CAM2.jpg",
        "position": [
            3600,
            4800
        ],
        "category": "5",
        "bbox": [
            180.75131225585938,
            468.6745910644531,
            192.87820434570312,
            479.4836120605469
        ],
        "score": 0.6603509187698364
    },
    {
        "name": "232_70_t20201127085955329_CAM2.jpg",
        "position": [
            6000,
            4800
        ],
        "category": "5",
        "bbox": [
            207.2057342529297,
            184.25611877441406,
            218.96861267089844,
            194.95164489746094
        ],
        "score": 0.11535743623971939
    },
    {
        "name": "232_70_t20201127085955329_CAM2.jpg",
        "position": [
            6000,
            4800
        ],
        "category": "5",
        "bbox": [
            551.03564453125,
            227.40809631347656,
            567.0902099609375,
            241.07139587402344
        ],
        "score": 0.7412354946136475
    },
    {
        "name": "232_70_t20201127085955329_CAM2.jpg",
        "position": [
            6000,
            4800
        ],
        "category": "5",
        "bbox": [
            155.7028350830078,
            74.37743377685547,
            183.33848571777344,
            136.00411987304688
        ],
        "score": 0.3853326737880707
    },
    {
        "name": "232_70_t20201127085955329_CAM2.jpg",
        "position": [
            6000,
            4800
        ],
        "category": "5",
        "bbox": [
            155.43463134765625,
            70.67567443847656,
            196.6624755859375,
            171.71246337890625
        ],
        "score": 0.39941704273223877
    },
    {
        "name": "232_70_t20201127085955329_CAM2.jpg",
        "position": [
            6000,
            4800
        ],
        "category": "5",
        "bbox": [
            166.21658325195312,
            110.22142028808594,
            191.591796875,
            165.1397247314453
        ],
        "score": 0.05422893911600113
    },
    {
        "name": "232_70_t20201127085955329_CAM2.jpg",
        "position": [
            1200,
            5400
        ],
        "category": "1",
        "bbox": [
            163.23849487304688,
            451.6708068847656,
            197.14312744140625,
            485.1652526855469
        ],
        "score": 0.20896238088607788
    },
    {
        "name": "232_70_t20201127085955329_CAM2.jpg",
        "position": [
            1200,
            5400
        ],
        "category": "2",
        "bbox": [
            163.22183227539062,
            450.39361572265625,
            197.96865844726562,
            483.8939208984375
        ],
        "score": 0.4087330400943756
    },
    {
        "name": "232_70_t20201127085955329_CAM2.jpg",
        "position": [
            4800,
            5400
        ],
        "category": "5",
        "bbox": [
            269.0899353027344,
            55.507450103759766,
            281.2267150878906,
            65.69490051269531
        ],
        "score": 0.1517408788204193
    }
]