[
    {
        "name": "232_72_t20201127090024330_CAM2.jpg",
        "position": [
            1200,
            0
        ],
        "category": "2",
        "bbox": [
            208.1089324951172,
            628.9603271484375,
            264.8534851074219,
            640.0
        ],
        "score": 0.12044268846511841
    },
    {
        "name": "232_72_t20201127090024330_CAM2.jpg",
        "position": [
            1200,
            0
        ],
        "category": "2",
        "bbox": [
            208.8379364013672,
            609.9306640625,
            258.3081359863281,
            640.0
        ],
        "score": 0.07911577820777893
    },
    {
        "name": "232_72_t20201127090024330_CAM2.jpg",
        "position": [
            3000,
            0
        ],
        "category": "5",
        "bbox": [
            352.8114318847656,
            622.2955322265625,
            363.7183532714844,
            632.313720703125
        ],
        "score": 0.851732611656189
    },
    {
        "name": "232_72_t20201127090024330_CAM2.jpg",
        "position": [
            3000,
            0
        ],
        "category": "5",
        "bbox": [
            524.8713989257812,
            626.533935546875,
            536.1194458007812,
            636.5963134765625
        ],
        "score": 0.3384639024734497
    },
    {
        "name": "232_72_t20201127090024330_CAM2.jpg",
        "position": [
            3600,
            0
        ],
        "category": "5",
        "bbox": [
            597.9155883789062,
            625.28173828125,
            609.4435424804688,
            635.04052734375
        ],
        "score": 0.07388825714588165
    },
    {
        "name": "232_72_t20201127090024330_CAM2.jpg",
        "position": [
            4200,
            0
        ],
        "category": "5",
        "bbox": [
            142.0020294189453,
            589.1389770507812,
            154.05308532714844,
            599.3446655273438
        ],
        "score": 0.7564185261726379
    },
    {
        "name": "232_72_t20201127090024330_CAM2.jpg",
        "position": [
            4200,
            0
        ],
        "category": "5",
        "bbox": [
            0.0,
            625.3995361328125,
            9.39913558959961,
            633.4420166015625
        ],
        "score": 0.070765919983387
    },
    {
        "name": "232_72_t20201127090024330_CAM2.jpg",
        "position": [
            1200,
            600
        ],
        "category": "5",
        "bbox": [
            571.4358520507812,
            412.1924133300781,
            584.9120483398438,
            422.7545471191406
        ],
        "score": 0.07450186461210251
    },
    {
        "name": "232_72_t20201127090024330_CAM2.jpg",
        "position": [
            3000,
            600
        ],
        "category": "5",
        "bbox": [
            352.3477478027344,
            21.658899307250977,
            364.4009094238281,
            33.02510452270508
        ],
        "score": 0.8034344911575317
    },
    {
        "name": "232_72_t20201127090024330_CAM2.jpg",
        "position": [
            3000,
            600
        ],
        "category": "5",
        "bbox": [
            524.3327026367188,
            25.655744552612305,
            536.5385131835938,
            36.17352294921875
        ],
        "score": 0.3511624038219452
    },
    {
        "name": "232_72_t20201127090024330_CAM2.jpg",
        "position": [
            3600,
            600
        ],
        "category": "5",
        "bbox": [
            597.5593872070312,
            24.999488830566406,
            609.2615356445312,
            35.310211181640625
        ],
        "score": 0.18755804002285004
    },
    {
        "name": "232_72_t20201127090024330_CAM2.jpg",
        "position": [
            4200,
            600
        ],
        "category": "5",
        "bbox": [
            0.0,
            24.84627914428711,
            8.984427452087402,
            34.08030700683594
        ],
        "score": 0.06982218474149704
    },
    {
        "name": "232_72_t20201127090024330_CAM2.jpg",
        "position": [
            6000,
            600
        ],
        "category": "5",
        "bbox": [
            446.3763732910156,
            313.5212097167969,
            460.8014831542969,
            325.5382385253906
        ],
        "score": 0.44145992398262024
    },
    {
        "name": "232_72_t20201127090024330_CAM2.jpg",
        "position": [
            4200,
            1200
        ],
        "category": "5",
        "bbox": [
            138.79615783691406,
            91.35590362548828,
            151.4694366455078,
            102.00775909423828
        ],
        "score": 0.49132850766181946
    },
    {
        "name": "232_72_t20201127090024330_CAM2.jpg",
        "position": [
            4800,
            1200
        ],
        "category": "5",
        "bbox": [
            621.893310546875,
            366.5121765136719,
            631.8284912109375,
            375.5292663574219
        ],
        "score": 0.46344295144081116
    },
    {
        "name": "232_72_t20201127090024330_CAM2.jpg",
        "position": [
            5400,
            1200
        ],
        "category": "5",
        "bbox": [
            20.96698760986328,
            365.8888854980469,
            32.62303161621094,
            376.2074890136719
        ],
        "score": 0.380970299243927
    },
    {
        "name": "232_72_t20201127090024330_CAM2.jpg",
        "position": [
            6000,
            1800
        ],
        "category": "5",
        "bbox": [
            520.4802856445312,
            633.0661010742188,
            531.8728637695312,
            639.9474487304688
        ],
        "score": 0.4816022217273712
    },
    {
        "name": "232_72_t20201127090024330_CAM2.jpg",
        "position": [
            6000,
            1800
        ],
        "category": "5",
        "bbox": [
            499.10675048828125,
            324.25994873046875,
            512.5657348632812,
            337.34796142578125
        ],
        "score": 0.9576748013496399
    },
    {
        "name": "232_72_t20201127090024330_CAM2.jpg",
        "position": [
            6000,
            1800
        ],
        "category": "5",
        "bbox": [
            462.9750671386719,
            327.48291015625,
            474.8469543457031,
            338.1361083984375
        ],
        "score": 0.8051789402961731
    },
    {
        "name": "232_72_t20201127090024330_CAM2.jpg",
        "position": [
            6000,
            2400
        ],
        "category": "5",
        "bbox": [
            437.9613952636719,
            205.33848571777344,
            450.8136291503906,
            217.2809295654297
        ],
        "score": 0.8927104473114014
    },
    {
        "name": "232_72_t20201127090024330_CAM2.jpg",
        "position": [
            6000,
            2400
        ],
        "category": "5",
        "bbox": [
            520.6367797851562,
            33.83759689331055,
            533.3588256835938,
            44.6614875793457
        ],
        "score": 0.7369256615638733
    },
    {
        "name": "232_72_t20201127090024330_CAM2.jpg",
        "position": [
            0,
            3600
        ],
        "category": "2",
        "bbox": [
            627.5872802734375,
            630.3318481445312,
            640.0,
            640.0
        ],
        "score": 0.14705219864845276
    },
    {
        "name": "232_72_t20201127090024330_CAM2.jpg",
        "position": [
            1200,
            3600
        ],
        "category": "5",
        "bbox": [
            384.203369140625,
            243.6619110107422,
            398.01507568359375,
            255.6874237060547
        ],
        "score": 0.6345000863075256
    },
    {
        "name": "232_72_t20201127090024330_CAM2.jpg",
        "position": [
            1200,
            3600
        ],
        "category": "5",
        "bbox": [
            595.5980834960938,
            318.43157958984375,
            607.8467407226562,
            328.17755126953125
        ],
        "score": 0.5952299237251282
    },
    {
        "name": "232_72_t20201127090024330_CAM2.jpg",
        "position": [
            1800,
            3600
        ],
        "category": "5",
        "bbox": [
            0.0,
            318.3635559082031,
            7.18277645111084,
            327.5431823730469
        ],
        "score": 0.5533918142318726
    },
    {
        "name": "232_72_t20201127090024330_CAM2.jpg",
        "position": [
            4800,
            3600
        ],
        "category": "5",
        "bbox": [
            486.7110900878906,
            471.5204772949219,
            499.1459045410156,
            482.8471984863281
        ],
        "score": 0.09245802462100983
    },
    {
        "name": "232_72_t20201127090024330_CAM2.jpg",
        "position": [
            4800,
            3600
        ],
        "category": "5",
        "bbox": [
            111.61051177978516,
            23.429439544677734,
            160.27842712402344,
            130.6939697265625
        ],
        "score": 0.1828787624835968
    },
    {
        "name": "232_72_t20201127090024330_CAM2.jpg",
        "position": [
            4800,
            3600
        ],
        "category": "4",
        "bbox": [
            116.28148651123047,
            9.5721435546875,
            159.2982177734375,
            134.55746459960938
        ],
        "score": 0.24883286654949188
    },
    {
        "name": "232_72_t20201127090024330_CAM2.jpg",
        "position": [
            5400,
            3600
        ],
        "category": "5",
        "bbox": [
            440.6943664550781,
            318.70123291015625,
            454.7752380371094,
            328.88507080078125
        ],
        "score": 0.31723710894584656
    },
    {
        "name": "232_72_t20201127090024330_CAM2.jpg",
        "position": [
            7800,
            3600
        ],
        "category": "5",
        "bbox": [
            366.7565002441406,
            114.46074676513672,
            376.7964782714844,
            125.06632232666016
        ],
        "score": 0.13671478629112244
    },
    {
        "name": "232_72_t20201127090024330_CAM2.jpg",
        "position": [
            1800,
            4200
        ],
        "category": "5",
        "bbox": [
            424.07708740234375,
            304.04583740234375,
            437.15679931640625,
            315.4251708984375
        ],
        "score": 0.7382910251617432
    },
    {
        "name": "232_72_t20201127090024330_CAM2.jpg",
        "position": [
            4200,
            4200
        ],
        "category": "5",
        "bbox": [
            336.3737487792969,
            384.77886962890625,
            348.7740173339844,
            395.32794189453125
        ],
        "score": 0.29761114716529846
    },
    {
        "name": "232_72_t20201127090024330_CAM2.jpg",
        "position": [
            6000,
            4200
        ],
        "category": "5",
        "bbox": [
            625.1382446289062,
            554.3998413085938,
            639.0298461914062,
            638.7335815429688
        ],
        "score": 0.07672448456287384
    },
    {
        "name": "232_72_t20201127090024330_CAM2.jpg",
        "position": [
            2400,
            4800
        ],
        "category": "5",
        "bbox": [
            63.250267028808594,
            428.4876403808594,
            74.87029266357422,
            439.0484313964844
        ],
        "score": 0.8379337191581726
    },
    {
        "name": "232_72_t20201127090024330_CAM2.jpg",
        "position": [
            3000,
            4800
        ],
        "category": "5",
        "bbox": [
            250.3248748779297,
            574.7198486328125,
            263.47052001953125,
            586.2249755859375
        ],
        "score": 0.19514642655849457
    },
    {
        "name": "232_72_t20201127090024330_CAM2.jpg",
        "position": [
            4200,
            4800
        ],
        "category": "5",
        "bbox": [
            181.46783447265625,
            553.61962890625,
            194.5753173828125,
            564.3876953125
        ],
        "score": 0.084710031747818
    },
    {
        "name": "232_72_t20201127090024330_CAM2.jpg",
        "position": [
            4800,
            4800
        ],
        "category": "5",
        "bbox": [
            334.4721374511719,
            180.70883178710938,
            357.4665222167969,
            206.764892578125
        ],
        "score": 0.12386788427829742
    },
    {
        "name": "232_72_t20201127090024330_CAM2.jpg",
        "position": [
            4800,
            4800
        ],
        "category": "5",
        "bbox": [
            500.668212890625,
            108.7011947631836,
            525.955078125,
            134.04302978515625
        ],
        "score": 0.9892783164978027
    },
    {
        "name": "232_72_t20201127090024330_CAM2.jpg",
        "position": [
            4800,
            4800
        ],
        "category": "5",
        "bbox": [
            313.07977294921875,
            178.19039916992188,
            362.96734619140625,
            244.10406494140625
        ],
        "score": 0.8132721781730652
    },
    {
        "name": "232_72_t20201127090024330_CAM2.jpg",
        "position": [
            4800,
            4800
        ],
        "category": "5",
        "bbox": [
            321.08197021484375,
            181.86692810058594,
            360.94415283203125,
            214.9564971923828
        ],
        "score": 0.37129154801368713
    },
    {
        "name": "232_72_t20201127090024330_CAM2.jpg",
        "position": [
            4800,
            4800
        ],
        "category": "5",
        "bbox": [
            312.1716613769531,
            191.30738830566406,
            340.1316223144531,
            246.03111267089844
        ],
        "score": 0.35793644189834595
    },
    {
        "name": "232_72_t20201127090024330_CAM2.jpg",
        "position": [
            4800,
            4800
        ],
        "category": "5",
        "bbox": [
            510.0712890625,
            499.5157470703125,
            640.0,
            567.72802734375
        ],
        "score": 0.17968900501728058
    },
    {
        "name": "232_72_t20201127090024330_CAM2.jpg",
        "position": [
            4800,
            4800
        ],
        "category": "5",
        "bbox": [
            559.0307006835938,
            446.958984375,
            638.5137329101562,
            576.1715087890625
        ],
        "score": 0.061502598226070404
    },
    {
        "name": "232_72_t20201127090024330_CAM2.jpg",
        "position": [
            5400,
            4800
        ],
        "category": "5",
        "bbox": [
            4.120244979858398,
            492.3564453125,
            61.685508728027344,
            547.9119873046875
        ],
        "score": 0.36994385719299316
    },
    {
        "name": "232_72_t20201127090024330_CAM2.jpg",
        "position": [
            5400,
            4800
        ],
        "category": "5",
        "bbox": [
            0.6256599426269531,
            451.3734130859375,
            64.19721984863281,
            556.7791748046875
        ],
        "score": 0.1337604820728302
    },
    {
        "name": "232_72_t20201127090024330_CAM2.jpg",
        "position": [
            5400,
            4800
        ],
        "category": "5",
        "bbox": [
            0.0,
            518.3482666015625,
            54.53684997558594,
            548.1531982421875
        ],
        "score": 0.09370969235897064
    },
    {
        "name": "232_72_t20201127090024330_CAM2.jpg",
        "position": [
            2400,
            5400
        ],
        "category": "3",
        "bbox": [
            516.8543701171875,
            298.3690490722656,
            530.9189453125,
            311.1365051269531
        ],
        "score": 0.0682816281914711
    }
]