[
    {
        "name": "232_75_t20201127090108256_CAM1.jpg",
        "position": [
            600,
            0
        ],
        "category": "2",
        "bbox": [
            548.8919677734375,
            456.2669982910156,
            573.4481201171875,
            485.4648132324219
        ],
        "score": 0.06534688174724579
    },
    {
        "name": "232_75_t20201127090108256_CAM1.jpg",
        "position": [
            6000,
            0
        ],
        "category": "1",
        "bbox": [
            248.58351135253906,
            454.42645263671875,
            585.2457885742188,
            479.31414794921875
        ],
        "score": 0.3526548743247986
    },
    {
        "name": "232_75_t20201127090108256_CAM1.jpg",
        "position": [
            6000,
            0
        ],
        "category": "2",
        "bbox": [
            230.44302368164062,
            439.5054016113281,
            625.184326171875,
            469.6941223144531
        ],
        "score": 0.0652308315038681
    },
    {
        "name": "232_75_t20201127090108256_CAM1.jpg",
        "position": [
            6000,
            0
        ],
        "category": "2",
        "bbox": [
            255.77357482910156,
            453.55224609375,
            598.7664794921875,
            491.19769287109375
        ],
        "score": 0.7072154879570007
    },
    {
        "name": "232_75_t20201127090108256_CAM1.jpg",
        "position": [
            6000,
            0
        ],
        "category": "2",
        "bbox": [
            258.39129638671875,
            369.2597351074219,
            572.6456909179688,
            526.9014282226562
        ],
        "score": 0.12600433826446533
    },
    {
        "name": "232_75_t20201127090108256_CAM1.jpg",
        "position": [
            6000,
            0
        ],
        "category": "2",
        "bbox": [
            575.59228515625,
            461.7720947265625,
            593.73046875,
            473.8739013671875
        ],
        "score": 0.10480166226625443
    },
    {
        "name": "232_75_t20201127090108256_CAM1.jpg",
        "position": [
            6000,
            0
        ],
        "category": "2",
        "bbox": [
            246.3545379638672,
            421.798095703125,
            605.1815795898438,
            569.0965576171875
        ],
        "score": 0.20476560294628143
    },
    {
        "name": "232_75_t20201127090108256_CAM1.jpg",
        "position": [
            6000,
            0
        ],
        "category": "2",
        "bbox": [
            153.7716064453125,
            393.574951171875,
            560.61572265625,
            635.287109375
        ],
        "score": 0.07941277325153351
    },
    {
        "name": "232_75_t20201127090108256_CAM1.jpg",
        "position": [
            6000,
            600
        ],
        "category": "5",
        "bbox": [
            126.69328308105469,
            210.23484802246094,
            138.85377502441406,
            221.61952209472656
        ],
        "score": 0.8867049813270569
    },
    {
        "name": "232_75_t20201127090108256_CAM1.jpg",
        "position": [
            6600,
            600
        ],
        "category": "2",
        "bbox": [
            0.0,
            144.90855407714844,
            31.33724594116211,
            615.501953125
        ],
        "score": 0.17995649576187134
    },
    {
        "name": "232_75_t20201127090108256_CAM1.jpg",
        "position": [
            6000,
            1200
        ],
        "category": "1",
        "bbox": [
            599.1740112304688,
            0.0,
            637.9175415039062,
            185.26730346679688
        ],
        "score": 0.1241946667432785
    },
    {
        "name": "232_75_t20201127090108256_CAM1.jpg",
        "position": [
            6000,
            1200
        ],
        "category": "1",
        "bbox": [
            606.2320556640625,
            0.0,
            620.103271484375,
            165.60202026367188
        ],
        "score": 0.07997412234544754
    },
    {
        "name": "232_75_t20201127090108256_CAM1.jpg",
        "position": [
            6000,
            1200
        ],
        "category": "2",
        "bbox": [
            598.0678100585938,
            0.0,
            640.0,
            189.40072631835938
        ],
        "score": 0.061192333698272705
    },
    {
        "name": "232_75_t20201127090108256_CAM1.jpg",
        "position": [
            6000,
            1200
        ],
        "category": "2",
        "bbox": [
            519.2195434570312,
            1.3740310668945312,
            640.0,
            174.29483032226562
        ],
        "score": 0.050037235021591187
    },
    {
        "name": "232_75_t20201127090108256_CAM1.jpg",
        "position": [
            7800,
            1800
        ],
        "category": "2",
        "bbox": [
            376.8775634765625,
            622.5860595703125,
            391.12567138671875,
            636.749267578125
        ],
        "score": 0.06539052724838257
    },
    {
        "name": "232_75_t20201127090108256_CAM1.jpg",
        "position": [
            6600,
            4200
        ],
        "category": "5",
        "bbox": [
            75.58425903320312,
            415.02142333984375,
            89.78900146484375,
            430.1644287109375
        ],
        "score": 0.1391664445400238
    },
    {
        "name": "232_75_t20201127090108256_CAM1.jpg",
        "position": [
            1200,
            4800
        ],
        "category": "3",
        "bbox": [
            389.317626953125,
            390.254150390625,
            406.24493408203125,
            411.4827880859375
        ],
        "score": 0.24389027059078217
    },
    {
        "name": "232_75_t20201127090108256_CAM1.jpg",
        "position": [
            1200,
            4800
        ],
        "category": "3",
        "bbox": [
            372.6208190917969,
            403.3423156738281,
            386.0106506347656,
            416.8962707519531
        ],
        "score": 0.4400690793991089
    },
    {
        "name": "232_75_t20201127090108256_CAM1.jpg",
        "position": [
            1200,
            4800
        ],
        "category": "3",
        "bbox": [
            379.47576904296875,
            386.352783203125,
            411.75872802734375,
            420.06866455078125
        ],
        "score": 0.05392560362815857
    },
    {
        "name": "232_75_t20201127090108256_CAM1.jpg",
        "position": [
            1200,
            4800
        ],
        "category": "3",
        "bbox": [
            375.5875549316406,
            395.9310302734375,
            410.0774841308594,
            414.640625
        ],
        "score": 0.08111480623483658
    },
    {
        "name": "232_75_t20201127090108256_CAM1.jpg",
        "position": [
            1200,
            4800
        ],
        "category": "4",
        "bbox": [
            373.29327392578125,
            402.9243469238281,
            386.3162841796875,
            417.0033874511719
        ],
        "score": 0.19935740530490875
    },
    {
        "name": "232_75_t20201127090108256_CAM1.jpg",
        "position": [
            1200,
            4800
        ],
        "category": "4",
        "bbox": [
            390.84967041015625,
            391.2731018066406,
            405.5274658203125,
            408.3518981933594
        ],
        "score": 0.22466520965099335
    },
    {
        "name": "232_75_t20201127090108256_CAM1.jpg",
        "position": [
            1200,
            4800
        ],
        "category": "4",
        "bbox": [
            387.82867431640625,
            387.2843017578125,
            406.72869873046875,
            416.872802734375
        ],
        "score": 0.6775386333465576
    },
    {
        "name": "232_75_t20201127090108256_CAM1.jpg",
        "position": [
            1200,
            4800
        ],
        "category": "4",
        "bbox": [
            375.8075256347656,
            394.927001953125,
            410.2668762207031,
            415.02899169921875
        ],
        "score": 0.2773160934448242
    },
    {
        "name": "232_75_t20201127090108256_CAM1.jpg",
        "position": [
            4200,
            4800
        ],
        "category": "5",
        "bbox": [
            502.14752197265625,
            369.9697570800781,
            514.3815307617188,
            380.7724304199219
        ],
        "score": 0.09839657694101334
    },
    {
        "name": "232_75_t20201127090108256_CAM1.jpg",
        "position": [
            4200,
            4800
        ],
        "category": "4",
        "bbox": [
            502.3083190917969,
            370.0415954589844,
            514.0095825195312,
            380.8849182128906
        ],
        "score": 0.05952540785074234
    },
    {
        "name": "232_75_t20201127090108256_CAM1.jpg",
        "position": [
            1800,
            5400
        ],
        "category": "2",
        "bbox": [
            367.04437255859375,
            581.2666015625,
            640.0,
            638.852783203125
        ],
        "score": 0.07211010158061981
    },
    {
        "name": "232_75_t20201127090108256_CAM1.jpg",
        "position": [
            6000,
            5400
        ],
        "category": "2",
        "bbox": [
            374.0819396972656,
            585.928466796875,
            635.39208984375,
            637.7696533203125
        ],
        "score": 0.057164266705513
    },
    {
        "name": "232_75_t20201127090108256_CAM1.jpg",
        "position": [
            6600,
            5400
        ],
        "category": "5",
        "bbox": [
            96.85926055908203,
            49.72417449951172,
            121.9559555053711,
            62.82366943359375
        ],
        "score": 0.334555059671402
    },
    {
        "name": "232_75_t20201127090108256_CAM1.jpg",
        "position": [
            6600,
            5400
        ],
        "category": "1",
        "bbox": [
            95.73470306396484,
            49.576629638671875,
            122.50850677490234,
            63.157936096191406
        ],
        "score": 0.08741558343172073
    },
    {
        "name": "232_75_t20201127090108256_CAM1.jpg",
        "position": [
            6600,
            5400
        ],
        "category": "2",
        "bbox": [
            95.90359497070312,
            49.62051773071289,
            122.53343200683594,
            62.97599411010742
        ],
        "score": 0.3581562638282776
    }
]