[
    {
        "name": "232_78_t20201127090211171_CAM3.jpg",
        "position": [
            600,
            0
        ],
        "category": "5",
        "bbox": [
            595.2764892578125,
            371.3341979980469,
            609.57861328125,
            383.8969421386719
        ],
        "score": 0.06651736795902252
    },
    {
        "name": "232_78_t20201127090211171_CAM3.jpg",
        "position": [
            600,
            0
        ],
        "category": "5",
        "bbox": [
            614.3800659179688,
            397.9573059082031,
            625.0308227539062,
            409.1274108886719
        ],
        "score": 0.0528310127556324
    },
    {
        "name": "232_78_t20201127090211171_CAM3.jpg",
        "position": [
            600,
            0
        ],
        "category": "5",
        "bbox": [
            613.8890380859375,
            366.9881286621094,
            624.2144775390625,
            375.5409851074219
        ],
        "score": 0.05893451347947121
    },
    {
        "name": "232_78_t20201127090211171_CAM3.jpg",
        "position": [
            0,
            600
        ],
        "category": "2",
        "bbox": [
            548.7222900390625,
            253.00787353515625,
            574.6517333984375,
            268.03814697265625
        ],
        "score": 0.9501837491989136
    },
    {
        "name": "232_78_t20201127090211171_CAM3.jpg",
        "position": [
            600,
            600
        ],
        "category": "5",
        "bbox": [
            144.0822296142578,
            286.9314270019531,
            216.81455993652344,
            335.5110778808594
        ],
        "score": 0.40640756487846375
    },
    {
        "name": "232_78_t20201127090211171_CAM3.jpg",
        "position": [
            600,
            600
        ],
        "category": "5",
        "bbox": [
            163.9580841064453,
            293.6631164550781,
            211.24696350097656,
            320.9899597167969
        ],
        "score": 0.06489524990320206
    },
    {
        "name": "232_78_t20201127090211171_CAM3.jpg",
        "position": [
            3000,
            600
        ],
        "category": "5",
        "bbox": [
            454.39923095703125,
            614.416015625,
            465.9891357421875,
            625.0487060546875
        ],
        "score": 0.07132451981306076
    },
    {
        "name": "232_78_t20201127090211171_CAM3.jpg",
        "position": [
            1200,
            1200
        ],
        "category": "5",
        "bbox": [
            468.81756591796875,
            1.578094482421875,
            515.96923828125,
            95.89128875732422
        ],
        "score": 0.5829881429672241
    },
    {
        "name": "232_78_t20201127090211171_CAM3.jpg",
        "position": [
            1200,
            1800
        ],
        "category": "5",
        "bbox": [
            242.95140075683594,
            632.056884765625,
            267.5673828125,
            639.748291015625
        ],
        "score": 0.0861264020204544
    },
    {
        "name": "232_78_t20201127090211171_CAM3.jpg",
        "position": [
            1200,
            1800
        ],
        "category": "3",
        "bbox": [
            246.8722381591797,
            632.2433471679688,
            265.93475341796875,
            639.6395874023438
        ],
        "score": 0.3338782787322998
    },
    {
        "name": "232_78_t20201127090211171_CAM3.jpg",
        "position": [
            1200,
            1800
        ],
        "category": "3",
        "bbox": [
            235.5962371826172,
            630.7438354492188,
            269.89569091796875,
            640.0
        ],
        "score": 0.06917790323495865
    },
    {
        "name": "232_78_t20201127090211171_CAM3.jpg",
        "position": [
            1200,
            1800
        ],
        "category": "4",
        "bbox": [
            246.18084716796875,
            632.18408203125,
            266.52105712890625,
            639.9232177734375
        ],
        "score": 0.3504466414451599
    },
    {
        "name": "232_78_t20201127090211171_CAM3.jpg",
        "position": [
            2400,
            1800
        ],
        "category": "5",
        "bbox": [
            577.5130004882812,
            554.4758911132812,
            604.5420532226562,
            602.1626586914062
        ],
        "score": 0.8554972410202026
    },
    {
        "name": "232_78_t20201127090211171_CAM3.jpg",
        "position": [
            1200,
            2400
        ],
        "category": "5",
        "bbox": [
            246.19107055664062,
            29.753719329833984,
            271.1540222167969,
            51.1182975769043
        ],
        "score": 0.05913209170103073
    },
    {
        "name": "232_78_t20201127090211171_CAM3.jpg",
        "position": [
            1200,
            2400
        ],
        "category": "5",
        "bbox": [
            109.04165649414062,
            52.474449157714844,
            130.49256896972656,
            107.19884490966797
        ],
        "score": 0.05146289989352226
    },
    {
        "name": "232_78_t20201127090211171_CAM3.jpg",
        "position": [
            1200,
            2400
        ],
        "category": "4",
        "bbox": [
            247.0933380126953,
            30.184978485107422,
            270.5775146484375,
            51.257381439208984
        ],
        "score": 0.8269480466842651
    }
]