[
    {
        "name": "232_77_t20201127090156425_CAM1.jpg",
        "position": [
            1200,
            0
        ],
        "category": "3",
        "bbox": [
            92.14850616455078,
            589.8782348632812,
            104.06330108642578,
            601.5910034179688
        ],
        "score": 0.07183375954627991
    },
    {
        "name": "232_77_t20201127090156425_CAM1.jpg",
        "position": [
            1200,
            0
        ],
        "category": "4",
        "bbox": [
            215.73788452148438,
            481.427001953125,
            229.85113525390625,
            495.951171875
        ],
        "score": 0.14813746511936188
    },
    {
        "name": "232_77_t20201127090156425_CAM1.jpg",
        "position": [
            1200,
            600
        ],
        "category": "1",
        "bbox": [
            41.85997009277344,
            588.9948120117188,
            56.52149963378906,
            638.9981079101562
        ],
        "score": 0.06215232238173485
    },
    {
        "name": "232_77_t20201127090156425_CAM1.jpg",
        "position": [
            4200,
            600
        ],
        "category": "5",
        "bbox": [
            584.5438232421875,
            59.582481384277344,
            596.5194091796875,
            69.51534271240234
        ],
        "score": 0.11033755540847778
    },
    {
        "name": "232_77_t20201127090156425_CAM1.jpg",
        "position": [
            4800,
            600
        ],
        "category": "5",
        "bbox": [
            478.59185791015625,
            119.11637878417969,
            494.010009765625,
            138.6177520751953
        ],
        "score": 0.9636873006820679
    },
    {
        "name": "232_77_t20201127090156425_CAM1.jpg",
        "position": [
            6000,
            600
        ],
        "category": "5",
        "bbox": [
            481.46807861328125,
            162.97076416015625,
            493.60296630859375,
            173.53305053710938
        ],
        "score": 0.07655223459005356
    },
    {
        "name": "232_77_t20201127090156425_CAM1.jpg",
        "position": [
            1200,
            1200
        ],
        "category": "5",
        "bbox": [
            128.7025909423828,
            229.6943359375,
            141.46556091308594,
            239.81298828125
        ],
        "score": 0.28724178671836853
    },
    {
        "name": "232_77_t20201127090156425_CAM1.jpg",
        "position": [
            1200,
            1200
        ],
        "category": "2",
        "bbox": [
            40.49650573730469,
            0.0,
            55.50928497314453,
            14.582923889160156
        ],
        "score": 0.10220502316951752
    },
    {
        "name": "232_77_t20201127090156425_CAM1.jpg",
        "position": [
            3000,
            1200
        ],
        "category": "5",
        "bbox": [
            497.32135009765625,
            394.14373779296875,
            509.07598876953125,
            404.38568115234375
        ],
        "score": 0.2450678050518036
    },
    {
        "name": "232_77_t20201127090156425_CAM1.jpg",
        "position": [
            5400,
            1200
        ],
        "category": "5",
        "bbox": [
            518.2645874023438,
            113.809814453125,
            531.7157592773438,
            125.94134521484375
        ],
        "score": 0.11923423409461975
    },
    {
        "name": "232_77_t20201127090156425_CAM1.jpg",
        "position": [
            1800,
            1800
        ],
        "category": "5",
        "bbox": [
            94.91602325439453,
            157.0127410888672,
            136.929931640625,
            198.29530334472656
        ],
        "score": 0.9645118117332458
    },
    {
        "name": "232_77_t20201127090156425_CAM1.jpg",
        "position": [
            1200,
            2400
        ],
        "category": "3",
        "bbox": [
            263.56805419921875,
            465.9032897949219,
            278.9329833984375,
            478.9804382324219
        ],
        "score": 0.07138524949550629
    },
    {
        "name": "232_77_t20201127090156425_CAM1.jpg",
        "position": [
            2400,
            2400
        ],
        "category": "5",
        "bbox": [
            608.5182495117188,
            84.4193115234375,
            620.0993041992188,
            95.04408264160156
        ],
        "score": 0.7798912525177002
    },
    {
        "name": "232_77_t20201127090156425_CAM1.jpg",
        "position": [
            3000,
            2400
        ],
        "category": "5",
        "bbox": [
            8.177624702453613,
            84.6006851196289,
            19.816001892089844,
            95.0972671508789
        ],
        "score": 0.732759952545166
    },
    {
        "name": "232_77_t20201127090156425_CAM1.jpg",
        "position": [
            1200,
            3000
        ],
        "category": "5",
        "bbox": [
            436.86865234375,
            462.7506103515625,
            448.79296875,
            478.135986328125
        ],
        "score": 0.9654395580291748
    },
    {
        "name": "232_77_t20201127090156425_CAM1.jpg",
        "position": [
            1200,
            3000
        ],
        "category": "5",
        "bbox": [
            166.73785400390625,
            175.48829650878906,
            180.45083618164062,
            186.8048858642578
        ],
        "score": 0.39325159788131714
    },
    {
        "name": "232_77_t20201127090156425_CAM1.jpg",
        "position": [
            1200,
            3000
        ],
        "category": "5",
        "bbox": [
            69.31914520263672,
            479.2050476074219,
            83.4372329711914,
            489.8471374511719
        ],
        "score": 0.07500260323286057
    },
    {
        "name": "232_77_t20201127090156425_CAM1.jpg",
        "position": [
            1200,
            3600
        ],
        "category": "5",
        "bbox": [
            355.81982421875,
            374.2391052246094,
            369.25408935546875,
            386.0798034667969
        ],
        "score": 0.22672469913959503
    },
    {
        "name": "232_77_t20201127090156425_CAM1.jpg",
        "position": [
            4200,
            3600
        ],
        "category": "5",
        "bbox": [
            555.9153442382812,
            7.874794006347656,
            636.0256958007812,
            174.02682495117188
        ],
        "score": 0.05827409401535988
    },
    {
        "name": "232_77_t20201127090156425_CAM1.jpg",
        "position": [
            1200,
            4800
        ],
        "category": "3",
        "bbox": [
            160.25808715820312,
            499.95135498046875,
            174.79498291015625,
            513.3281860351562
        ],
        "score": 0.10328315198421478
    },
    {
        "name": "232_77_t20201127090156425_CAM1.jpg",
        "position": [
            1200,
            4800
        ],
        "category": "4",
        "bbox": [
            468.86383056640625,
            179.34259033203125,
            494.7000732421875,
            192.60342407226562
        ],
        "score": 0.1329224854707718
    },
    {
        "name": "232_77_t20201127090156425_CAM1.jpg",
        "position": [
            1800,
            4800
        ],
        "category": "5",
        "bbox": [
            383.1813049316406,
            608.1485595703125,
            394.5534973144531,
            618.4189453125
        ],
        "score": 0.8927971720695496
    },
    {
        "name": "232_77_t20201127090156425_CAM1.jpg",
        "position": [
            1800,
            4800
        ],
        "category": "5",
        "bbox": [
            553.7962036132812,
            301.4397888183594,
            577.8201293945312,
            338.0786437988281
        ],
        "score": 0.21738030016422272
    },
    {
        "name": "232_77_t20201127090156425_CAM1.jpg",
        "position": [
            1800,
            4800
        ],
        "category": "4",
        "bbox": [
            554.1712036132812,
            301.82373046875,
            577.5448608398438,
            338.42193603515625
        ],
        "score": 0.25831839442253113
    },
    {
        "name": "232_77_t20201127090156425_CAM1.jpg",
        "position": [
            600,
            5400
        ],
        "category": "2",
        "bbox": [
            496.4106750488281,
            414.89141845703125,
            539.6961669921875,
            435.83599853515625
        ],
        "score": 0.1601884812116623
    },
    {
        "name": "232_77_t20201127090156425_CAM1.jpg",
        "position": [
            1200,
            5400
        ],
        "category": "2",
        "bbox": [
            626.892822265625,
            590.3143920898438,
            640.0,
            606.7393188476562
        ],
        "score": 0.052651602774858475
    },
    {
        "name": "232_77_t20201127090156425_CAM1.jpg",
        "position": [
            1800,
            5400
        ],
        "category": "5",
        "bbox": [
            383.0230712890625,
            7.734135150909424,
            394.54327392578125,
            18.333553314208984
        ],
        "score": 0.8652778267860413
    },
    {
        "name": "232_77_t20201127090156425_CAM1.jpg",
        "position": [
            4800,
            5400
        ],
        "category": "2",
        "bbox": [
            402.66033935546875,
            586.7285766601562,
            640.0,
            638.4356079101562
        ],
        "score": 0.07157926261425018
    },
    {
        "name": "232_77_t20201127090156425_CAM1.jpg",
        "position": [
            6600,
            5400
        ],
        "category": "2",
        "bbox": [
            8.984153747558594,
            586.103515625,
            244.91448974609375,
            638.4564208984375
        ],
        "score": 0.052227020263671875
    }
]