[
    {
        "name": "232_75_t20201127090108409_CAM2.jpg",
        "position": [
            1200,
            0
        ],
        "category": "2",
        "bbox": [
            165.95419311523438,
            486.1856689453125,
            197.8480224609375,
            517.9148559570312
        ],
        "score": 0.09612085670232773
    },
    {
        "name": "232_75_t20201127090108409_CAM2.jpg",
        "position": [
            6000,
            0
        ],
        "category": "1",
        "bbox": [
            240.80386352539062,
            470.20123291015625,
            639.7908935546875,
            488.3031005859375
        ],
        "score": 0.1416509449481964
    },
    {
        "name": "232_75_t20201127090108409_CAM2.jpg",
        "position": [
            6000,
            0
        ],
        "category": "1",
        "bbox": [
            307.442626953125,
            464.10589599609375,
            617.1336669921875,
            503.63665771484375
        ],
        "score": 0.06359611451625824
    },
    {
        "name": "232_75_t20201127090108409_CAM2.jpg",
        "position": [
            6000,
            0
        ],
        "category": "2",
        "bbox": [
            254.72613525390625,
            458.943115234375,
            640.0,
            490.79180908203125
        ],
        "score": 0.6959750056266785
    },
    {
        "name": "232_75_t20201127090108409_CAM2.jpg",
        "position": [
            6000,
            0
        ],
        "category": "2",
        "bbox": [
            570.315185546875,
            469.7622985839844,
            605.4559326171875,
            482.7942199707031
        ],
        "score": 0.2922869622707367
    },
    {
        "name": "232_75_t20201127090108409_CAM2.jpg",
        "position": [
            6000,
            0
        ],
        "category": "2",
        "bbox": [
            289.9437255859375,
            462.3680419921875,
            413.726806640625,
            487.7174072265625
        ],
        "score": 0.058726564049720764
    },
    {
        "name": "232_75_t20201127090108409_CAM2.jpg",
        "position": [
            6000,
            0
        ],
        "category": "2",
        "bbox": [
            297.94818115234375,
            474.1456604003906,
            622.5137939453125,
            496.3098449707031
        ],
        "score": 0.084456667304039
    },
    {
        "name": "232_75_t20201127090108409_CAM2.jpg",
        "position": [
            6000,
            0
        ],
        "category": "2",
        "bbox": [
            273.34637451171875,
            469.9068603515625,
            603.4599609375,
            510.00677490234375
        ],
        "score": 0.23466895520687103
    },
    {
        "name": "232_75_t20201127090108409_CAM2.jpg",
        "position": [
            6000,
            0
        ],
        "category": "2",
        "bbox": [
            241.81314086914062,
            410.4786376953125,
            621.0906982421875,
            525.7263793945312
        ],
        "score": 0.07895595580339432
    },
    {
        "name": "232_75_t20201127090108409_CAM2.jpg",
        "position": [
            6000,
            0
        ],
        "category": "2",
        "bbox": [
            540.3265380859375,
            469.31488037109375,
            607.105712890625,
            485.49560546875
        ],
        "score": 0.1632639765739441
    },
    {
        "name": "232_75_t20201127090108409_CAM2.jpg",
        "position": [
            6000,
            0
        ],
        "category": "2",
        "bbox": [
            0.0,
            432.824951171875,
            602.1657104492188,
            639.7486572265625
        ],
        "score": 0.08122532069683075
    },
    {
        "name": "232_75_t20201127090108409_CAM2.jpg",
        "position": [
            6600,
            0
        ],
        "category": "2",
        "bbox": [
            0.0,
            469.0807189941406,
            6.869879722595215,
            492.0872497558594
        ],
        "score": 0.05293750762939453
    },
    {
        "name": "232_75_t20201127090108409_CAM2.jpg",
        "position": [
            6600,
            0
        ],
        "category": "2",
        "bbox": [
            0.0,
            464.1658630371094,
            9.997856140136719,
            640.0
        ],
        "score": 0.051058657467365265
    },
    {
        "name": "232_75_t20201127090108409_CAM2.jpg",
        "position": [
            6600,
            0
        ],
        "category": "2",
        "bbox": [
            0.0,
            488.1485595703125,
            36.90989685058594,
            640.0
        ],
        "score": 0.05672621726989746
    },
    {
        "name": "232_75_t20201127090108409_CAM2.jpg",
        "position": [
            4200,
            600
        ],
        "category": "5",
        "bbox": [
            0.0,
            443.52716064453125,
            5.81017541885376,
            453.98052978515625
        ],
        "score": 0.11145895719528198
    },
    {
        "name": "232_75_t20201127090108409_CAM2.jpg",
        "position": [
            4200,
            600
        ],
        "category": "5",
        "bbox": [
            187.6278533935547,
            212.95758056640625,
            201.9246368408203,
            223.90390014648438
        ],
        "score": 0.14711806178092957
    },
    {
        "name": "232_75_t20201127090108409_CAM2.jpg",
        "position": [
            6000,
            600
        ],
        "category": "5",
        "bbox": [
            155.0495147705078,
            218.54403686523438,
            167.8279571533203,
            228.72189331054688
        ],
        "score": 0.9200882911682129
    },
    {
        "name": "232_75_t20201127090108409_CAM2.jpg",
        "position": [
            4800,
            3000
        ],
        "category": "5",
        "bbox": [
            78.86389923095703,
            69.54571533203125,
            94.7858657836914,
            81.74497985839844
        ],
        "score": 0.11704754084348679
    },
    {
        "name": "232_75_t20201127090108409_CAM2.jpg",
        "position": [
            0,
            4200
        ],
        "category": "5",
        "bbox": [
            318.0404357910156,
            502.4193420410156,
            329.6691589355469,
            513.6710815429688
        ],
        "score": 0.0534319132566452
    },
    {
        "name": "232_75_t20201127090108409_CAM2.jpg",
        "position": [
            6000,
            4200
        ],
        "category": "5",
        "bbox": [
            196.7567901611328,
            198.46949768066406,
            208.78038024902344,
            209.02122497558594
        ],
        "score": 0.3352319896221161
    },
    {
        "name": "232_75_t20201127090108409_CAM2.jpg",
        "position": [
            6600,
            4200
        ],
        "category": "5",
        "bbox": [
            82.38018798828125,
            422.63494873046875,
            99.18910217285156,
            439.25494384765625
        ],
        "score": 0.1690255105495453
    },
    {
        "name": "232_75_t20201127090108409_CAM2.jpg",
        "position": [
            6600,
            4200
        ],
        "category": "5",
        "bbox": [
            84.96515655517578,
            359.7954406738281,
            99.58086395263672,
            377.9946594238281
        ],
        "score": 0.06851783394813538
    },
    {
        "name": "232_75_t20201127090108409_CAM2.jpg",
        "position": [
            6600,
            4200
        ],
        "category": "5",
        "bbox": [
            82.71916961669922,
            355.43817138671875,
            101.29541778564453,
            391.2076416015625
        ],
        "score": 0.11531716585159302
    },
    {
        "name": "232_75_t20201127090108409_CAM2.jpg",
        "position": [
            0,
            4800
        ],
        "category": "5",
        "bbox": [
            232.1050567626953,
            277.2091979980469,
            243.6648406982422,
            290.2252502441406
        ],
        "score": 0.2437252402305603
    },
    {
        "name": "232_75_t20201127090108409_CAM2.jpg",
        "position": [
            1800,
            4800
        ],
        "category": "3",
        "bbox": [
            0.07984066009521484,
            398.8542175292969,
            4.931159973144531,
            420.4919128417969
        ],
        "score": 0.17413313686847687
    },
    {
        "name": "232_75_t20201127090108409_CAM2.jpg",
        "position": [
            1800,
            4800
        ],
        "category": "3",
        "bbox": [
            0.0,
            398.5647277832031,
            8.741081237792969,
            423.6720275878906
        ],
        "score": 0.06390075385570526
    },
    {
        "name": "232_75_t20201127090108409_CAM2.jpg",
        "position": [
            1800,
            4800
        ],
        "category": "4",
        "bbox": [
            0.0,
            397.6549072265625,
            7.261283874511719,
            423.88427734375
        ],
        "score": 0.26020997762680054
    },
    {
        "name": "232_75_t20201127090108409_CAM2.jpg",
        "position": [
            3000,
            4800
        ],
        "category": "5",
        "bbox": [
            629.7736206054688,
            416.1012268066406,
            639.7766723632812,
            424.7846984863281
        ],
        "score": 0.5280637741088867
    },
    {
        "name": "232_75_t20201127090108409_CAM2.jpg",
        "position": [
            3600,
            4800
        ],
        "category": "5",
        "bbox": [
            28.99468231201172,
            415.7467346191406,
            40.88060760498047,
            425.4501647949219
        ],
        "score": 0.5439237356185913
    },
    {
        "name": "232_75_t20201127090108409_CAM2.jpg",
        "position": [
            4200,
            4800
        ],
        "category": "5",
        "bbox": [
            581.3624877929688,
            377.87982177734375,
            595.1718139648438,
            388.358642578125
        ],
        "score": 0.2671569883823395
    },
    {
        "name": "232_75_t20201127090108409_CAM2.jpg",
        "position": [
            5400,
            4800
        ],
        "category": "5",
        "bbox": [
            227.6001739501953,
            541.433349609375,
            240.5707550048828,
            551.8583984375
        ],
        "score": 0.07488224655389786
    },
    {
        "name": "232_75_t20201127090108409_CAM2.jpg",
        "position": [
            6600,
            4800
        ],
        "category": "5",
        "bbox": [
            38.926902770996094,
            539.6754760742188,
            55.606040954589844,
            551.4594116210938
        ],
        "score": 0.1811879277229309
    },
    {
        "name": "232_75_t20201127090108409_CAM2.jpg",
        "position": [
            6600,
            4800
        ],
        "category": "3",
        "bbox": [
            38.890655517578125,
            539.747314453125,
            55.45753479003906,
            551.817626953125
        ],
        "score": 0.09132779389619827
    },
    {
        "name": "232_75_t20201127090108409_CAM2.jpg",
        "position": [
            2400,
            5400
        ],
        "category": "5",
        "bbox": [
            385.2531433105469,
            62.93986511230469,
            397.2704162597656,
            73.24464416503906
        ],
        "score": 0.23354308307170868
    },
    {
        "name": "232_75_t20201127090108409_CAM2.jpg",
        "position": [
            5400,
            5400
        ],
        "category": "2",
        "bbox": [
            342.0941162109375,
            592.115234375,
            635.7467651367188,
            638.5198974609375
        ],
        "score": 0.06553465873003006
    },
    {
        "name": "232_75_t20201127090108409_CAM2.jpg",
        "position": [
            6600,
            5400
        ],
        "category": "5",
        "bbox": [
            108.64110565185547,
            58.61604309082031,
            126.68018341064453,
            71.40974426269531
        ],
        "score": 0.6615267992019653
    }
]